dataset,class,k_shot,seed,support_index,image_path
mvtec,bottle,1,0,0,/home/crl/MoME/other/AD/tmp/ad-neurocomputing/extracted/mvtec/bottle/train/good/006.png
mvtec,bottle,1,1,0,/home/crl/MoME/other/AD/tmp/ad-neurocomputing/extracted/mvtec/bottle/train/good/063.png
mvtec,bottle,1,2,0,/home/crl/MoME/other/AD/tmp/ad-neurocomputing/extracted/mvtec/bottle/train/good/126.png
mvtec,bottle,1,3,0,/home/crl/MoME/other/AD/tmp/ad-neurocomputing/extracted/mvtec/bottle/train/good/087.png
mvtec,bottle,1,4,0,/home/crl/MoME/other/AD/tmp/ad-neurocomputing/extracted/mvtec/bottle/train/good/023.png
mvtec,bottle,2,0,0,/home/crl/MoME/other/AD/tmp/ad-neurocomputing/extracted/mvtec/bottle/train/good/006.png
mvtec,bottle,2,0,1,/home/crl/MoME/other/AD/tmp/ad-neurocomputing/extracted/mvtec/bottle/train/good/025.png
mvtec,bottle,2,1,0,/home/crl/MoME/other/AD/tmp/ad-neurocomputing/extracted/mvtec/bottle/train/good/007.png
mvtec,bottle,2,1,1,/home/crl/MoME/other/AD/tmp/ad-neurocomputing/extracted/mvtec/bottle/train/good/063.png
mvtec,bottle,2,2,0,/home/crl/MoME/other/AD/tmp/ad-neurocomputing/extracted/mvtec/bottle/train/good/011.png
mvtec,bottle,2,2,1,/home/crl/MoME/other/AD/tmp/ad-neurocomputing/extracted/mvtec/bottle/train/good/126.png
mvtec,bottle,2,3,0,/home/crl/MoME/other/AD/tmp/ad-neurocomputing/extracted/mvtec/bottle/train/good/087.png
mvtec,bottle,2,3,1,/home/crl/MoME/other/AD/tmp/ad-neurocomputing/extracted/mvtec/bottle/train/good/108.png
mvtec,bottle,2,4,0,/home/crl/MoME/other/AD/tmp/ad-neurocomputing/extracted/mvtec/bottle/train/good/023.png
mvtec,bottle,2,4,1,/home/crl/MoME/other/AD/tmp/ad-neurocomputing/extracted/mvtec/bottle/train/good/024.png
mvtec,bottle,4,0,0,/home/crl/MoME/other/AD/tmp/ad-neurocomputing/extracted/mvtec/bottle/train/good/006.png
mvtec,bottle,4,0,1,/home/crl/MoME/other/AD/tmp/ad-neurocomputing/extracted/mvtec/bottle/train/good/025.png
mvtec,bottle,4,0,2,/home/crl/MoME/other/AD/tmp/ad-neurocomputing/extracted/mvtec/bottle/train/good/041.png
mvtec,bottle,4,0,3,/home/crl/MoME/other/AD/tmp/ad-neurocomputing/extracted/mvtec/bottle/train/good/178.png
mvtec,bottle,4,1,0,/home/crl/MoME/other/AD/tmp/ad-neurocomputing/extracted/mvtec/bottle/train/good/001.png
mvtec,bottle,4,1,1,/home/crl/MoME/other/AD/tmp/ad-neurocomputing/extracted/mvtec/bottle/train/good/005.png
mvtec,bottle,4,1,2,/home/crl/MoME/other/AD/tmp/ad-neurocomputing/extracted/mvtec/bottle/train/good/007.png
mvtec,bottle,4,1,3,/home/crl/MoME/other/AD/tmp/ad-neurocomputing/extracted/mvtec/bottle/train/good/063.png
mvtec,bottle,4,2,0,/home/crl/MoME/other/AD/tmp/ad-neurocomputing/extracted/mvtec/bottle/train/good/011.png
mvtec,bottle,4,2,1,/home/crl/MoME/other/AD/tmp/ad-neurocomputing/extracted/mvtec/bottle/train/good/059.png
mvtec,bottle,4,2,2,/home/crl/MoME/other/AD/tmp/ad-neurocomputing/extracted/mvtec/bottle/train/good/126.png
mvtec,bottle,4,2,3,/home/crl/MoME/other/AD/tmp/ad-neurocomputing/extracted/mvtec/bottle/train/good/208.png
mvtec,bottle,4,3,0,/home/crl/MoME/other/AD/tmp/ad-neurocomputing/extracted/mvtec/bottle/train/good/042.png
mvtec,bottle,4,3,1,/home/crl/MoME/other/AD/tmp/ad-neurocomputing/extracted/mvtec/bottle/train/good/087.png
mvtec,bottle,4,3,2,/home/crl/MoME/other/AD/tmp/ad-neurocomputing/extracted/mvtec/bottle/train/good/108.png
mvtec,bottle,4,3,3,/home/crl/MoME/other/AD/tmp/ad-neurocomputing/extracted/mvtec/bottle/train/good/112.png
mvtec,bottle,4,4,0,/home/crl/MoME/other/AD/tmp/ad-neurocomputing/extracted/mvtec/bottle/train/good/023.png
mvtec,bottle,4,4,1,/home/crl/MoME/other/AD/tmp/ad-neurocomputing/extracted/mvtec/bottle/train/good/024.png
mvtec,bottle,4,4,2,/home/crl/MoME/other/AD/tmp/ad-neurocomputing/extracted/mvtec/bottle/train/good/046.png
mvtec,bottle,4,4,3,/home/crl/MoME/other/AD/tmp/ad-neurocomputing/extracted/mvtec/bottle/train/good/128.png
mvtec,bottle,8,0,0,/home/crl/MoME/other/AD/tmp/ad-neurocomputing/extracted/mvtec/bottle/train/good/006.png
mvtec,bottle,8,0,1,/home/crl/MoME/other/AD/tmp/ad-neurocomputing/extracted/mvtec/bottle/train/good/025.png
mvtec,bottle,8,0,2,/home/crl/MoME/other/AD/tmp/ad-neurocomputing/extracted/mvtec/bottle/train/good/041.png
mvtec,bottle,8,0,3,/home/crl/MoME/other/AD/tmp/ad-neurocomputing/extracted/mvtec/bottle/train/good/112.png
mvtec,bottle,8,0,4,/home/crl/MoME/other/AD/tmp/ad-neurocomputing/extracted/mvtec/bottle/train/good/163.png
mvtec,bottle,8,0,5,/home/crl/MoME/other/AD/tmp/ad-neurocomputing/extracted/mvtec/bottle/train/good/178.png
mvtec,bottle,8,0,6,/home/crl/MoME/other/AD/tmp/ad-neurocomputing/extracted/mvtec/bottle/train/good/200.png
mvtec,bottle,8,0,7,/home/crl/MoME/other/AD/tmp/ad-neurocomputing/extracted/mvtec/bottle/train/good/206.png
mvtec,bottle,8,1,0,/home/crl/MoME/other/AD/tmp/ad-neurocomputing/extracted/mvtec/bottle/train/good/001.png
mvtec,bottle,8,1,1,/home/crl/MoME/other/AD/tmp/ad-neurocomputing/extracted/mvtec/bottle/train/good/005.png
mvtec,bottle,8,1,2,/home/crl/MoME/other/AD/tmp/ad-neurocomputing/extracted/mvtec/bottle/train/good/007.png
mvtec,bottle,8,1,3,/home/crl/MoME/other/AD/tmp/ad-neurocomputing/extracted/mvtec/bottle/train/good/024.png
mvtec,bottle,8,1,4,/home/crl/MoME/other/AD/tmp/ad-neurocomputing/extracted/mvtec/bottle/train/good/063.png
mvtec,bottle,8,1,5,/home/crl/MoME/other/AD/tmp/ad-neurocomputing/extracted/mvtec/bottle/train/good/110.png
mvtec,bottle,8,1,6,/home/crl/MoME/other/AD/tmp/ad-neurocomputing/extracted/mvtec/bottle/train/good/119.png
mvtec,bottle,8,1,7,/home/crl/MoME/other/AD/tmp/ad-neurocomputing/extracted/mvtec/bottle/train/good/193.png
mvtec,bottle,8,2,0,/home/crl/MoME/other/AD/tmp/ad-neurocomputing/extracted/mvtec/bottle/train/good/011.png
mvtec,bottle,8,2,1,/home/crl/MoME/other/AD/tmp/ad-neurocomputing/extracted/mvtec/bottle/train/good/059.png
mvtec,bottle,8,2,2,/home/crl/MoME/other/AD/tmp/ad-neurocomputing/extracted/mvtec/bottle/train/good/071.png
mvtec,bottle,8,2,3,/home/crl/MoME/other/AD/tmp/ad-neurocomputing/extracted/mvtec/bottle/train/good/126.png
mvtec,bottle,8,2,4,/home/crl/MoME/other/AD/tmp/ad-neurocomputing/extracted/mvtec/bottle/train/good/161.png
mvtec,bottle,8,2,5,/home/crl/MoME/other/AD/tmp/ad-neurocomputing/extracted/mvtec/bottle/train/good/163.png
mvtec,bottle,8,2,6,/home/crl/MoME/other/AD/tmp/ad-neurocomputing/extracted/mvtec/bottle/train/good/189.png
mvtec,bottle,8,2,7,/home/crl/MoME/other/AD/tmp/ad-neurocomputing/extracted/mvtec/bottle/train/good/208.png
mvtec,bottle,8,3,0,/home/crl/MoME/other/AD/tmp/ad-neurocomputing/extracted/mvtec/bottle/train/good/006.png
mvtec,bottle,8,3,1,/home/crl/MoME/other/AD/tmp/ad-neurocomputing/extracted/mvtec/bottle/train/good/042.png
mvtec,bottle,8,3,2,/home/crl/MoME/other/AD/tmp/ad-neurocomputing/extracted/mvtec/bottle/train/good/087.png
mvtec,bottle,8,3,3,/home/crl/MoME/other/AD/tmp/ad-neurocomputing/extracted/mvtec/bottle/train/good/108.png
mvtec,bottle,8,3,4,/home/crl/MoME/other/AD/tmp/ad-neurocomputing/extracted/mvtec/bottle/train/good/112.png
mvtec,bottle,8,3,5,/home/crl/MoME/other/AD/tmp/ad-neurocomputing/extracted/mvtec/bottle/train/good/170.png
mvtec,bottle,8,3,6,/home/crl/MoME/other/AD/tmp/ad-neurocomputing/extracted/mvtec/bottle/train/good/180.png
mvtec,bottle,8,3,7,/home/crl/MoME/other/AD/tmp/ad-neurocomputing/extracted/mvtec/bottle/train/good/206.png
mvtec,bottle,8,4,0,/home/crl/MoME/other/AD/tmp/ad-neurocomputing/extracted/mvtec/bottle/train/good/023.png
mvtec,bottle,8,4,1,/home/crl/MoME/other/AD/tmp/ad-neurocomputing/extracted/mvtec/bottle/train/good/024.png
mvtec,bottle,8,4,2,/home/crl/MoME/other/AD/tmp/ad-neurocomputing/extracted/mvtec/bottle/train/good/046.png
mvtec,bottle,8,4,3,/home/crl/MoME/other/AD/tmp/ad-neurocomputing/extracted/mvtec/bottle/train/good/066.png
mvtec,bottle,8,4,4,/home/crl/MoME/other/AD/tmp/ad-neurocomputing/extracted/mvtec/bottle/train/good/079.png
mvtec,bottle,8,4,5,/home/crl/MoME/other/AD/tmp/ad-neurocomputing/extracted/mvtec/bottle/train/good/109.png
mvtec,bottle,8,4,6,/home/crl/MoME/other/AD/tmp/ad-neurocomputing/extracted/mvtec/bottle/train/good/128.png
mvtec,bottle,8,4,7,/home/crl/MoME/other/AD/tmp/ad-neurocomputing/extracted/mvtec/bottle/train/good/162.png
mvtec,cable,1,0,0,/home/crl/MoME/other/AD/tmp/ad-neurocomputing/extracted/mvtec/cable/train/good/036.png
mvtec,cable,1,1,0,/home/crl/MoME/other/AD/tmp/ad-neurocomputing/extracted/mvtec/cable/train/good/021.png
mvtec,cable,1,2,0,/home/crl/MoME/other/AD/tmp/ad-neurocomputing/extracted/mvtec/cable/train/good/011.png
mvtec,cable,1,3,0,/home/crl/MoME/other/AD/tmp/ad-neurocomputing/extracted/mvtec/cable/train/good/172.png
mvtec,cable,1,4,0,/home/crl/MoME/other/AD/tmp/ad-neurocomputing/extracted/mvtec/cable/train/good/027.png
mvtec,cable,2,0,0,/home/crl/MoME/other/AD/tmp/ad-neurocomputing/extracted/mvtec/cable/train/good/036.png
mvtec,cable,2,0,1,/home/crl/MoME/other/AD/tmp/ad-neurocomputing/extracted/mvtec/cable/train/good/110.png
mvtec,cable,2,1,0,/home/crl/MoME/other/AD/tmp/ad-neurocomputing/extracted/mvtec/cable/train/good/021.png
mvtec,cable,2,1,1,/home/crl/MoME/other/AD/tmp/ad-neurocomputing/extracted/mvtec/cable/train/good/123.png
mvtec,cable,2,2,0,/home/crl/MoME/other/AD/tmp/ad-neurocomputing/extracted/mvtec/cable/train/good/011.png
mvtec,cable,2,2,1,/home/crl/MoME/other/AD/tmp/ad-neurocomputing/extracted/mvtec/cable/train/good/171.png
mvtec,cable,2,3,0,/home/crl/MoME/other/AD/tmp/ad-neurocomputing/extracted/mvtec/cable/train/good/155.png
mvtec,cable,2,3,1,/home/crl/MoME/other/AD/tmp/ad-neurocomputing/extracted/mvtec/cable/train/good/172.png
mvtec,cable,2,4,0,/home/crl/MoME/other/AD/tmp/ad-neurocomputing/extracted/mvtec/cable/train/good/024.png
mvtec,cable,2,4,1,/home/crl/MoME/other/AD/tmp/ad-neurocomputing/extracted/mvtec/cable/train/good/027.png
mvtec,cable,4,0,0,/home/crl/MoME/other/AD/tmp/ad-neurocomputing/extracted/mvtec/cable/train/good/036.png
mvtec,cable,4,0,1,/home/crl/MoME/other/AD/tmp/ad-neurocomputing/extracted/mvtec/cable/train/good/102.png
mvtec,cable,4,0,2,/home/crl/MoME/other/AD/tmp/ad-neurocomputing/extracted/mvtec/cable/train/good/110.png
mvtec,cable,4,0,3,/home/crl/MoME/other/AD/tmp/ad-neurocomputing/extracted/mvtec/cable/train/good/160.png
mvtec,cable,4,1,0,/home/crl/MoME/other/AD/tmp/ad-neurocomputing/extracted/mvtec/cable/train/good/021.png
mvtec,cable,4,1,1,/home/crl/MoME/other/AD/tmp/ad-neurocomputing/extracted/mvtec/cable/train/good/123.png
mvtec,cable,4,1,2,/home/crl/MoME/other/AD/tmp/ad-neurocomputing/extracted/mvtec/cable/train/good/213.png
mvtec,cable,4,1,3,/home/crl/MoME/other/AD/tmp/ad-neurocomputing/extracted/mvtec/cable/train/good/218.png
mvtec,cable,4,2,0,/home/crl/MoME/other/AD/tmp/ad-neurocomputing/extracted/mvtec/cable/train/good/011.png
mvtec,cable,4,2,1,/home/crl/MoME/other/AD/tmp/ad-neurocomputing/extracted/mvtec/cable/train/good/141.png
mvtec,cable,4,2,2,/home/crl/MoME/other/AD/tmp/ad-neurocomputing/extracted/mvtec/cable/train/good/171.png
mvtec,cable,4,2,3,/home/crl/MoME/other/AD/tmp/ad-neurocomputing/extracted/mvtec/cable/train/good/184.png
mvtec,cable,4,3,0,/home/crl/MoME/other/AD/tmp/ad-neurocomputing/extracted/mvtec/cable/train/good/106.png
mvtec,cable,4,3,1,/home/crl/MoME/other/AD/tmp/ad-neurocomputing/extracted/mvtec/cable/train/good/146.png
mvtec,cable,4,3,2,/home/crl/MoME/other/AD/tmp/ad-neurocomputing/extracted/mvtec/cable/train/good/155.png
mvtec,cable,4,3,3,/home/crl/MoME/other/AD/tmp/ad-neurocomputing/extracted/mvtec/cable/train/good/172.png
mvtec,cable,4,4,0,/home/crl/MoME/other/AD/tmp/ad-neurocomputing/extracted/mvtec/cable/train/good/024.png
mvtec,cable,4,4,1,/home/crl/MoME/other/AD/tmp/ad-neurocomputing/extracted/mvtec/cable/train/good/027.png
mvtec,cable,4,4,2,/home/crl/MoME/other/AD/tmp/ad-neurocomputing/extracted/mvtec/cable/train/good/130.png
mvtec,cable,4,4,3,/home/crl/MoME/other/AD/tmp/ad-neurocomputing/extracted/mvtec/cable/train/good/217.png
mvtec,cable,8,0,0,/home/crl/MoME/other/AD/tmp/ad-neurocomputing/extracted/mvtec/cable/train/good/000.png
mvtec,cable,8,0,1,/home/crl/MoME/other/AD/tmp/ad-neurocomputing/extracted/mvtec/cable/train/good/036.png
mvtec,cable,8,0,2,/home/crl/MoME/other/AD/tmp/ad-neurocomputing/extracted/mvtec/cable/train/good/084.png
mvtec,cable,8,0,3,/home/crl/MoME/other/AD/tmp/ad-neurocomputing/extracted/mvtec/cable/train/good/097.png
mvtec,cable,8,0,4,/home/crl/MoME/other/AD/tmp/ad-neurocomputing/extracted/mvtec/cable/train/good/102.png
mvtec,cable,8,0,5,/home/crl/MoME/other/AD/tmp/ad-neurocomputing/extracted/mvtec/cable/train/good/110.png
mvtec,cable,8,0,6,/home/crl/MoME/other/AD/tmp/ad-neurocomputing/extracted/mvtec/cable/train/good/160.png
mvtec,cable,8,0,7,/home/crl/MoME/other/AD/tmp/ad-neurocomputing/extracted/mvtec/cable/train/good/221.png
mvtec,cable,8,1,0,/home/crl/MoME/other/AD/tmp/ad-neurocomputing/extracted/mvtec/cable/train/good/007.png
mvtec,cable,8,1,1,/home/crl/MoME/other/AD/tmp/ad-neurocomputing/extracted/mvtec/cable/train/good/013.png
mvtec,cable,8,1,2,/home/crl/MoME/other/AD/tmp/ad-neurocomputing/extracted/mvtec/cable/train/good/021.png
mvtec,cable,8,1,3,/home/crl/MoME/other/AD/tmp/ad-neurocomputing/extracted/mvtec/cable/train/good/080.png
mvtec,cable,8,1,4,/home/crl/MoME/other/AD/tmp/ad-neurocomputing/extracted/mvtec/cable/train/good/123.png
mvtec,cable,8,1,5,/home/crl/MoME/other/AD/tmp/ad-neurocomputing/extracted/mvtec/cable/train/good/143.png
mvtec,cable,8,1,6,/home/crl/MoME/other/AD/tmp/ad-neurocomputing/extracted/mvtec/cable/train/good/213.png
mvtec,cable,8,1,7,/home/crl/MoME/other/AD/tmp/ad-neurocomputing/extracted/mvtec/cable/train/good/218.png
mvtec,cable,8,2,0,/home/crl/MoME/other/AD/tmp/ad-neurocomputing/extracted/mvtec/cable/train/good/011.png
mvtec,cable,8,2,1,/home/crl/MoME/other/AD/tmp/ad-neurocomputing/extracted/mvtec/cable/train/good/107.png
mvtec,cable,8,2,2,/home/crl/MoME/other/AD/tmp/ad-neurocomputing/extracted/mvtec/cable/train/good/141.png
mvtec,cable,8,2,3,/home/crl/MoME/other/AD/tmp/ad-neurocomputing/extracted/mvtec/cable/train/good/155.png
mvtec,cable,8,2,4,/home/crl/MoME/other/AD/tmp/ad-neurocomputing/extracted/mvtec/cable/train/good/171.png
mvtec,cable,8,2,5,/home/crl/MoME/other/AD/tmp/ad-neurocomputing/extracted/mvtec/cable/train/good/184.png
mvtec,cable,8,2,6,/home/crl/MoME/other/AD/tmp/ad-neurocomputing/extracted/mvtec/cable/train/good/186.png
mvtec,cable,8,2,7,/home/crl/MoME/other/AD/tmp/ad-neurocomputing/extracted/mvtec/cable/train/good/223.png
mvtec,cable,8,3,0,/home/crl/MoME/other/AD/tmp/ad-neurocomputing/extracted/mvtec/cable/train/good/087.png
mvtec,cable,8,3,1,/home/crl/MoME/other/AD/tmp/ad-neurocomputing/extracted/mvtec/cable/train/good/105.png
mvtec,cable,8,3,2,/home/crl/MoME/other/AD/tmp/ad-neurocomputing/extracted/mvtec/cable/train/good/106.png
mvtec,cable,8,3,3,/home/crl/MoME/other/AD/tmp/ad-neurocomputing/extracted/mvtec/cable/train/good/146.png
mvtec,cable,8,3,4,/home/crl/MoME/other/AD/tmp/ad-neurocomputing/extracted/mvtec/cable/train/good/155.png
mvtec,cable,8,3,5,/home/crl/MoME/other/AD/tmp/ad-neurocomputing/extracted/mvtec/cable/train/good/172.png
mvtec,cable,8,3,6,/home/crl/MoME/other/AD/tmp/ad-neurocomputing/extracted/mvtec/cable/train/good/192.png
mvtec,cable,8,3,7,/home/crl/MoME/other/AD/tmp/ad-neurocomputing/extracted/mvtec/cable/train/good/213.png
mvtec,cable,8,4,0,/home/crl/MoME/other/AD/tmp/ad-neurocomputing/extracted/mvtec/cable/train/good/024.png
mvtec,cable,8,4,1,/home/crl/MoME/other/AD/tmp/ad-neurocomputing/extracted/mvtec/cable/train/good/027.png
mvtec,cable,8,4,2,/home/crl/MoME/other/AD/tmp/ad-neurocomputing/extracted/mvtec/cable/train/good/035.png
mvtec,cable,8,4,3,/home/crl/MoME/other/AD/tmp/ad-neurocomputing/extracted/mvtec/cable/train/good/077.png
mvtec,cable,8,4,4,/home/crl/MoME/other/AD/tmp/ad-neurocomputing/extracted/mvtec/cable/train/good/085.png
mvtec,cable,8,4,5,/home/crl/MoME/other/AD/tmp/ad-neurocomputing/extracted/mvtec/cable/train/good/130.png
mvtec,cable,8,4,6,/home/crl/MoME/other/AD/tmp/ad-neurocomputing/extracted/mvtec/cable/train/good/158.png
mvtec,cable,8,4,7,/home/crl/MoME/other/AD/tmp/ad-neurocomputing/extracted/mvtec/cable/train/good/217.png
mvtec,capsule,1,0,0,/home/crl/MoME/other/AD/tmp/ad-neurocomputing/extracted/mvtec/capsule/train/good/154.png
mvtec,capsule,1,1,0,/home/crl/MoME/other/AD/tmp/ad-neurocomputing/extracted/mvtec/capsule/train/good/192.png
mvtec,capsule,1,2,0,/home/crl/MoME/other/AD/tmp/ad-neurocomputing/extracted/mvtec/capsule/train/good/011.png
mvtec,capsule,1,3,0,/home/crl/MoME/other/AD/tmp/ad-neurocomputing/extracted/mvtec/capsule/train/good/087.png
mvtec,capsule,1,4,0,/home/crl/MoME/other/AD/tmp/ad-neurocomputing/extracted/mvtec/capsule/train/good/172.png
mvtec,capsule,2,0,0,/home/crl/MoME/other/AD/tmp/ad-neurocomputing/extracted/mvtec/capsule/train/good/000.png
mvtec,capsule,2,0,1,/home/crl/MoME/other/AD/tmp/ad-neurocomputing/extracted/mvtec/capsule/train/good/154.png
mvtec,capsule,2,1,0,/home/crl/MoME/other/AD/tmp/ad-neurocomputing/extracted/mvtec/capsule/train/good/113.png
mvtec,capsule,2,1,1,/home/crl/MoME/other/AD/tmp/ad-neurocomputing/extracted/mvtec/capsule/train/good/192.png
mvtec,capsule,2,2,0,/home/crl/MoME/other/AD/tmp/ad-neurocomputing/extracted/mvtec/capsule/train/good/011.png
mvtec,capsule,2,2,1,/home/crl/MoME/other/AD/tmp/ad-neurocomputing/extracted/mvtec/capsule/train/good/086.png
mvtec,capsule,2,3,0,/home/crl/MoME/other/AD/tmp/ad-neurocomputing/extracted/mvtec/capsule/train/good/043.png
mvtec,capsule,2,3,1,/home/crl/MoME/other/AD/tmp/ad-neurocomputing/extracted/mvtec/capsule/train/good/087.png
mvtec,capsule,2,4,0,/home/crl/MoME/other/AD/tmp/ad-neurocomputing/extracted/mvtec/capsule/train/good/133.png
mvtec,capsule,2,4,1,/home/crl/MoME/other/AD/tmp/ad-neurocomputing/extracted/mvtec/capsule/train/good/172.png
mvtec,capsule,4,0,0,/home/crl/MoME/other/AD/tmp/ad-neurocomputing/extracted/mvtec/capsule/train/good/000.png
mvtec,capsule,4,0,1,/home/crl/MoME/other/AD/tmp/ad-neurocomputing/extracted/mvtec/capsule/train/good/039.png
mvtec,capsule,4,0,2,/home/crl/MoME/other/AD/tmp/ad-neurocomputing/extracted/mvtec/capsule/train/good/154.png
mvtec,capsule,4,0,3,/home/crl/MoME/other/AD/tmp/ad-neurocomputing/extracted/mvtec/capsule/train/good/181.png
mvtec,capsule,4,1,0,/home/crl/MoME/other/AD/tmp/ad-neurocomputing/extracted/mvtec/capsule/train/good/007.png
mvtec,capsule,4,1,1,/home/crl/MoME/other/AD/tmp/ad-neurocomputing/extracted/mvtec/capsule/train/good/113.png
mvtec,capsule,4,1,2,/home/crl/MoME/other/AD/tmp/ad-neurocomputing/extracted/mvtec/capsule/train/good/127.png
mvtec,capsule,4,1,3,/home/crl/MoME/other/AD/tmp/ad-neurocomputing/extracted/mvtec/capsule/train/good/192.png
mvtec,capsule,4,2,0,/home/crl/MoME/other/AD/tmp/ad-neurocomputing/extracted/mvtec/capsule/train/good/011.png
mvtec,capsule,4,2,1,/home/crl/MoME/other/AD/tmp/ad-neurocomputing/extracted/mvtec/capsule/train/good/048.png
mvtec,capsule,4,2,2,/home/crl/MoME/other/AD/tmp/ad-neurocomputing/extracted/mvtec/capsule/train/good/086.png
mvtec,capsule,4,2,3,/home/crl/MoME/other/AD/tmp/ad-neurocomputing/extracted/mvtec/capsule/train/good/147.png
mvtec,capsule,4,3,0,/home/crl/MoME/other/AD/tmp/ad-neurocomputing/extracted/mvtec/capsule/train/good/043.png
mvtec,capsule,4,3,1,/home/crl/MoME/other/AD/tmp/ad-neurocomputing/extracted/mvtec/capsule/train/good/087.png
mvtec,capsule,4,3,2,/home/crl/MoME/other/AD/tmp/ad-neurocomputing/extracted/mvtec/capsule/train/good/098.png
mvtec,capsule,4,3,3,/home/crl/MoME/other/AD/tmp/ad-neurocomputing/extracted/mvtec/capsule/train/good/180.png
mvtec,capsule,4,4,0,/home/crl/MoME/other/AD/tmp/ad-neurocomputing/extracted/mvtec/capsule/train/good/023.png
mvtec,capsule,4,4,1,/home/crl/MoME/other/AD/tmp/ad-neurocomputing/extracted/mvtec/capsule/train/good/133.png
mvtec,capsule,4,4,2,/home/crl/MoME/other/AD/tmp/ad-neurocomputing/extracted/mvtec/capsule/train/good/162.png
mvtec,capsule,4,4,3,/home/crl/MoME/other/AD/tmp/ad-neurocomputing/extracted/mvtec/capsule/train/good/172.png
mvtec,capsule,8,0,0,/home/crl/MoME/other/AD/tmp/ad-neurocomputing/extracted/mvtec/capsule/train/good/000.png
mvtec,capsule,8,0,1,/home/crl/MoME/other/AD/tmp/ad-neurocomputing/extracted/mvtec/capsule/train/good/006.png
mvtec,capsule,8,0,2,/home/crl/MoME/other/AD/tmp/ad-neurocomputing/extracted/mvtec/capsule/train/good/039.png
mvtec,capsule,8,0,3,/home/crl/MoME/other/AD/tmp/ad-neurocomputing/extracted/mvtec/capsule/train/good/149.png
mvtec,capsule,8,0,4,/home/crl/MoME/other/AD/tmp/ad-neurocomputing/extracted/mvtec/capsule/train/good/154.png
mvtec,capsule,8,0,5,/home/crl/MoME/other/AD/tmp/ad-neurocomputing/extracted/mvtec/capsule/train/good/181.png
mvtec,capsule,8,0,6,/home/crl/MoME/other/AD/tmp/ad-neurocomputing/extracted/mvtec/capsule/train/good/204.png
mvtec,capsule,8,0,7,/home/crl/MoME/other/AD/tmp/ad-neurocomputing/extracted/mvtec/capsule/train/good/216.png
mvtec,capsule,8,1,0,/home/crl/MoME/other/AD/tmp/ad-neurocomputing/extracted/mvtec/capsule/train/good/001.png
mvtec,capsule,8,1,1,/home/crl/MoME/other/AD/tmp/ad-neurocomputing/extracted/mvtec/capsule/train/good/007.png
mvtec,capsule,8,1,2,/home/crl/MoME/other/AD/tmp/ad-neurocomputing/extracted/mvtec/capsule/train/good/013.png
mvtec,capsule,8,1,3,/home/crl/MoME/other/AD/tmp/ad-neurocomputing/extracted/mvtec/capsule/train/good/113.png
mvtec,capsule,8,1,4,/home/crl/MoME/other/AD/tmp/ad-neurocomputing/extracted/mvtec/capsule/train/good/127.png
mvtec,capsule,8,1,5,/home/crl/MoME/other/AD/tmp/ad-neurocomputing/extracted/mvtec/capsule/train/good/133.png
mvtec,capsule,8,1,6,/home/crl/MoME/other/AD/tmp/ad-neurocomputing/extracted/mvtec/capsule/train/good/141.png
mvtec,capsule,8,1,7,/home/crl/MoME/other/AD/tmp/ad-neurocomputing/extracted/mvtec/capsule/train/good/192.png
mvtec,capsule,8,2,0,/home/crl/MoME/other/AD/tmp/ad-neurocomputing/extracted/mvtec/capsule/train/good/011.png
mvtec,capsule,8,2,1,/home/crl/MoME/other/AD/tmp/ad-neurocomputing/extracted/mvtec/capsule/train/good/045.png
mvtec,capsule,8,2,2,/home/crl/MoME/other/AD/tmp/ad-neurocomputing/extracted/mvtec/capsule/train/good/048.png
mvtec,capsule,8,2,3,/home/crl/MoME/other/AD/tmp/ad-neurocomputing/extracted/mvtec/capsule/train/good/086.png
mvtec,capsule,8,2,4,/home/crl/MoME/other/AD/tmp/ad-neurocomputing/extracted/mvtec/capsule/train/good/129.png
mvtec,capsule,8,2,5,/home/crl/MoME/other/AD/tmp/ad-neurocomputing/extracted/mvtec/capsule/train/good/147.png
mvtec,capsule,8,2,6,/home/crl/MoME/other/AD/tmp/ad-neurocomputing/extracted/mvtec/capsule/train/good/204.png
mvtec,capsule,8,2,7,/home/crl/MoME/other/AD/tmp/ad-neurocomputing/extracted/mvtec/capsule/train/good/210.png
mvtec,capsule,8,3,0,/home/crl/MoME/other/AD/tmp/ad-neurocomputing/extracted/mvtec/capsule/train/good/024.png
mvtec,capsule,8,3,1,/home/crl/MoME/other/AD/tmp/ad-neurocomputing/extracted/mvtec/capsule/train/good/043.png
mvtec,capsule,8,3,2,/home/crl/MoME/other/AD/tmp/ad-neurocomputing/extracted/mvtec/capsule/train/good/063.png
mvtec,capsule,8,3,3,/home/crl/MoME/other/AD/tmp/ad-neurocomputing/extracted/mvtec/capsule/train/good/085.png
mvtec,capsule,8,3,4,/home/crl/MoME/other/AD/tmp/ad-neurocomputing/extracted/mvtec/capsule/train/good/087.png
mvtec,capsule,8,3,5,/home/crl/MoME/other/AD/tmp/ad-neurocomputing/extracted/mvtec/capsule/train/good/098.png
mvtec,capsule,8,3,6,/home/crl/MoME/other/AD/tmp/ad-neurocomputing/extracted/mvtec/capsule/train/good/180.png
mvtec,capsule,8,3,7,/home/crl/MoME/other/AD/tmp/ad-neurocomputing/extracted/mvtec/capsule/train/good/187.png
mvtec,capsule,8,4,0,/home/crl/MoME/other/AD/tmp/ad-neurocomputing/extracted/mvtec/capsule/train/good/023.png
mvtec,capsule,8,4,1,/home/crl/MoME/other/AD/tmp/ad-neurocomputing/extracted/mvtec/capsule/train/good/042.png
mvtec,capsule,8,4,2,/home/crl/MoME/other/AD/tmp/ad-neurocomputing/extracted/mvtec/capsule/train/good/112.png
mvtec,capsule,8,4,3,/home/crl/MoME/other/AD/tmp/ad-neurocomputing/extracted/mvtec/capsule/train/good/114.png
mvtec,capsule,8,4,4,/home/crl/MoME/other/AD/tmp/ad-neurocomputing/extracted/mvtec/capsule/train/good/133.png
mvtec,capsule,8,4,5,/home/crl/MoME/other/AD/tmp/ad-neurocomputing/extracted/mvtec/capsule/train/good/155.png
mvtec,capsule,8,4,6,/home/crl/MoME/other/AD/tmp/ad-neurocomputing/extracted/mvtec/capsule/train/good/162.png
mvtec,capsule,8,4,7,/home/crl/MoME/other/AD/tmp/ad-neurocomputing/extracted/mvtec/capsule/train/good/172.png
mvtec,carpet,1,0,0,/home/crl/MoME/other/AD/tmp/ad-neurocomputing/extracted/mvtec/carpet/train/good/094.png
mvtec,carpet,1,1,0,/home/crl/MoME/other/AD/tmp/ad-neurocomputing/extracted/mvtec/carpet/train/good/256.png
mvtec,carpet,1,2,0,/home/crl/MoME/other/AD/tmp/ad-neurocomputing/extracted/mvtec/carpet/train/good/061.png
mvtec,carpet,1,3,0,/home/crl/MoME/other/AD/tmp/ad-neurocomputing/extracted/mvtec/carpet/train/good/220.png
mvtec,carpet,1,4,0,/home/crl/MoME/other/AD/tmp/ad-neurocomputing/extracted/mvtec/carpet/train/good/106.png
mvtec,carpet,2,0,0,/home/crl/MoME/other/AD/tmp/ad-neurocomputing/extracted/mvtec/carpet/train/good/070.png
mvtec,carpet,2,0,1,/home/crl/MoME/other/AD/tmp/ad-neurocomputing/extracted/mvtec/carpet/train/good/094.png
mvtec,carpet,2,1,0,/home/crl/MoME/other/AD/tmp/ad-neurocomputing/extracted/mvtec/carpet/train/good/256.png
mvtec,carpet,2,1,1,/home/crl/MoME/other/AD/tmp/ad-neurocomputing/extracted/mvtec/carpet/train/good/266.png
mvtec,carpet,2,2,0,/home/crl/MoME/other/AD/tmp/ad-neurocomputing/extracted/mvtec/carpet/train/good/061.png
mvtec,carpet,2,2,1,/home/crl/MoME/other/AD/tmp/ad-neurocomputing/extracted/mvtec/carpet/train/good/151.png
mvtec,carpet,2,3,0,/home/crl/MoME/other/AD/tmp/ad-neurocomputing/extracted/mvtec/carpet/train/good/128.png
mvtec,carpet,2,3,1,/home/crl/MoME/other/AD/tmp/ad-neurocomputing/extracted/mvtec/carpet/train/good/220.png
mvtec,carpet,2,4,0,/home/crl/MoME/other/AD/tmp/ad-neurocomputing/extracted/mvtec/carpet/train/good/037.png
mvtec,carpet,2,4,1,/home/crl/MoME/other/AD/tmp/ad-neurocomputing/extracted/mvtec/carpet/train/good/106.png
mvtec,carpet,4,0,0,/home/crl/MoME/other/AD/tmp/ad-neurocomputing/extracted/mvtec/carpet/train/good/070.png
mvtec,carpet,4,0,1,/home/crl/MoME/other/AD/tmp/ad-neurocomputing/extracted/mvtec/carpet/train/good/090.png
mvtec,carpet,4,0,2,/home/crl/MoME/other/AD/tmp/ad-neurocomputing/extracted/mvtec/carpet/train/good/094.png
mvtec,carpet,4,0,3,/home/crl/MoME/other/AD/tmp/ad-neurocomputing/extracted/mvtec/carpet/train/good/133.png
mvtec,carpet,4,1,0,/home/crl/MoME/other/AD/tmp/ad-neurocomputing/extracted/mvtec/carpet/train/good/150.png
mvtec,carpet,4,1,1,/home/crl/MoME/other/AD/tmp/ad-neurocomputing/extracted/mvtec/carpet/train/good/256.png
mvtec,carpet,4,1,2,/home/crl/MoME/other/AD/tmp/ad-neurocomputing/extracted/mvtec/carpet/train/good/261.png
mvtec,carpet,4,1,3,/home/crl/MoME/other/AD/tmp/ad-neurocomputing/extracted/mvtec/carpet/train/good/266.png
mvtec,carpet,4,2,0,/home/crl/MoME/other/AD/tmp/ad-neurocomputing/extracted/mvtec/carpet/train/good/061.png
mvtec,carpet,4,2,1,/home/crl/MoME/other/AD/tmp/ad-neurocomputing/extracted/mvtec/carpet/train/good/078.png
mvtec,carpet,4,2,2,/home/crl/MoME/other/AD/tmp/ad-neurocomputing/extracted/mvtec/carpet/train/good/151.png
mvtec,carpet,4,2,3,/home/crl/MoME/other/AD/tmp/ad-neurocomputing/extracted/mvtec/carpet/train/good/205.png
mvtec,carpet,4,3,0,/home/crl/MoME/other/AD/tmp/ad-neurocomputing/extracted/mvtec/carpet/train/good/042.png
mvtec,carpet,4,3,1,/home/crl/MoME/other/AD/tmp/ad-neurocomputing/extracted/mvtec/carpet/train/good/128.png
mvtec,carpet,4,3,2,/home/crl/MoME/other/AD/tmp/ad-neurocomputing/extracted/mvtec/carpet/train/good/217.png
mvtec,carpet,4,3,3,/home/crl/MoME/other/AD/tmp/ad-neurocomputing/extracted/mvtec/carpet/train/good/220.png
mvtec,carpet,4,4,0,/home/crl/MoME/other/AD/tmp/ad-neurocomputing/extracted/mvtec/carpet/train/good/037.png
mvtec,carpet,4,4,1,/home/crl/MoME/other/AD/tmp/ad-neurocomputing/extracted/mvtec/carpet/train/good/106.png
mvtec,carpet,4,4,2,/home/crl/MoME/other/AD/tmp/ad-neurocomputing/extracted/mvtec/carpet/train/good/107.png
mvtec,carpet,4,4,3,/home/crl/MoME/other/AD/tmp/ad-neurocomputing/extracted/mvtec/carpet/train/good/244.png
mvtec,carpet,8,0,0,/home/crl/MoME/other/AD/tmp/ad-neurocomputing/extracted/mvtec/carpet/train/good/005.png
mvtec,carpet,8,0,1,/home/crl/MoME/other/AD/tmp/ad-neurocomputing/extracted/mvtec/carpet/train/good/033.png
mvtec,carpet,8,0,2,/home/crl/MoME/other/AD/tmp/ad-neurocomputing/extracted/mvtec/carpet/train/good/044.png
mvtec,carpet,8,0,3,/home/crl/MoME/other/AD/tmp/ad-neurocomputing/extracted/mvtec/carpet/train/good/070.png
mvtec,carpet,8,0,4,/home/crl/MoME/other/AD/tmp/ad-neurocomputing/extracted/mvtec/carpet/train/good/090.png
mvtec,carpet,8,0,5,/home/crl/MoME/other/AD/tmp/ad-neurocomputing/extracted/mvtec/carpet/train/good/094.png
mvtec,carpet,8,0,6,/home/crl/MoME/other/AD/tmp/ad-neurocomputing/extracted/mvtec/carpet/train/good/133.png
mvtec,carpet,8,0,7,/home/crl/MoME/other/AD/tmp/ad-neurocomputing/extracted/mvtec/carpet/train/good/199.png
mvtec,carpet,8,1,0,/home/crl/MoME/other/AD/tmp/ad-neurocomputing/extracted/mvtec/carpet/train/good/021.png
mvtec,carpet,8,1,1,/home/crl/MoME/other/AD/tmp/ad-neurocomputing/extracted/mvtec/carpet/train/good/022.png
mvtec,carpet,8,1,2,/home/crl/MoME/other/AD/tmp/ad-neurocomputing/extracted/mvtec/carpet/train/good/031.png
mvtec,carpet,8,1,3,/home/crl/MoME/other/AD/tmp/ad-neurocomputing/extracted/mvtec/carpet/train/good/150.png
mvtec,carpet,8,1,4,/home/crl/MoME/other/AD/tmp/ad-neurocomputing/extracted/mvtec/carpet/train/good/163.png
mvtec,carpet,8,1,5,/home/crl/MoME/other/AD/tmp/ad-neurocomputing/extracted/mvtec/carpet/train/good/256.png
mvtec,carpet,8,1,6,/home/crl/MoME/other/AD/tmp/ad-neurocomputing/extracted/mvtec/carpet/train/good/261.png
mvtec,carpet,8,1,7,/home/crl/MoME/other/AD/tmp/ad-neurocomputing/extracted/mvtec/carpet/train/good/266.png
mvtec,carpet,8,2,0,/home/crl/MoME/other/AD/tmp/ad-neurocomputing/extracted/mvtec/carpet/train/good/026.png
mvtec,carpet,8,2,1,/home/crl/MoME/other/AD/tmp/ad-neurocomputing/extracted/mvtec/carpet/train/good/061.png
mvtec,carpet,8,2,2,/home/crl/MoME/other/AD/tmp/ad-neurocomputing/extracted/mvtec/carpet/train/good/078.png
mvtec,carpet,8,2,3,/home/crl/MoME/other/AD/tmp/ad-neurocomputing/extracted/mvtec/carpet/train/good/110.png
mvtec,carpet,8,2,4,/home/crl/MoME/other/AD/tmp/ad-neurocomputing/extracted/mvtec/carpet/train/good/144.png
mvtec,carpet,8,2,5,/home/crl/MoME/other/AD/tmp/ad-neurocomputing/extracted/mvtec/carpet/train/good/151.png
mvtec,carpet,8,2,6,/home/crl/MoME/other/AD/tmp/ad-neurocomputing/extracted/mvtec/carpet/train/good/205.png
mvtec,carpet,8,2,7,/home/crl/MoME/other/AD/tmp/ad-neurocomputing/extracted/mvtec/carpet/train/good/256.png
mvtec,carpet,8,3,0,/home/crl/MoME/other/AD/tmp/ad-neurocomputing/extracted/mvtec/carpet/train/good/042.png
mvtec,carpet,8,3,1,/home/crl/MoME/other/AD/tmp/ad-neurocomputing/extracted/mvtec/carpet/train/good/126.png
mvtec,carpet,8,3,2,/home/crl/MoME/other/AD/tmp/ad-neurocomputing/extracted/mvtec/carpet/train/good/128.png
mvtec,carpet,8,3,3,/home/crl/MoME/other/AD/tmp/ad-neurocomputing/extracted/mvtec/carpet/train/good/143.png
mvtec,carpet,8,3,4,/home/crl/MoME/other/AD/tmp/ad-neurocomputing/extracted/mvtec/carpet/train/good/158.png
mvtec,carpet,8,3,5,/home/crl/MoME/other/AD/tmp/ad-neurocomputing/extracted/mvtec/carpet/train/good/205.png
mvtec,carpet,8,3,6,/home/crl/MoME/other/AD/tmp/ad-neurocomputing/extracted/mvtec/carpet/train/good/217.png
mvtec,carpet,8,3,7,/home/crl/MoME/other/AD/tmp/ad-neurocomputing/extracted/mvtec/carpet/train/good/220.png
mvtec,carpet,8,4,0,/home/crl/MoME/other/AD/tmp/ad-neurocomputing/extracted/mvtec/carpet/train/good/037.png
mvtec,carpet,8,4,1,/home/crl/MoME/other/AD/tmp/ad-neurocomputing/extracted/mvtec/carpet/train/good/076.png
mvtec,carpet,8,4,2,/home/crl/MoME/other/AD/tmp/ad-neurocomputing/extracted/mvtec/carpet/train/good/106.png
mvtec,carpet,8,4,3,/home/crl/MoME/other/AD/tmp/ad-neurocomputing/extracted/mvtec/carpet/train/good/107.png
mvtec,carpet,8,4,4,/home/crl/MoME/other/AD/tmp/ad-neurocomputing/extracted/mvtec/carpet/train/good/136.png
mvtec,carpet,8,4,5,/home/crl/MoME/other/AD/tmp/ad-neurocomputing/extracted/mvtec/carpet/train/good/168.png
mvtec,carpet,8,4,6,/home/crl/MoME/other/AD/tmp/ad-neurocomputing/extracted/mvtec/carpet/train/good/198.png
mvtec,carpet,8,4,7,/home/crl/MoME/other/AD/tmp/ad-neurocomputing/extracted/mvtec/carpet/train/good/244.png
mvtec,grid,1,0,0,/home/crl/MoME/other/AD/tmp/ad-neurocomputing/extracted/mvtec/grid/train/good/111.png
mvtec,grid,1,1,0,/home/crl/MoME/other/AD/tmp/ad-neurocomputing/extracted/mvtec/grid/train/good/007.png
mvtec,grid,1,2,0,/home/crl/MoME/other/AD/tmp/ad-neurocomputing/extracted/mvtec/grid/train/good/258.png
mvtec,grid,1,3,0,/home/crl/MoME/other/AD/tmp/ad-neurocomputing/extracted/mvtec/grid/train/good/198.png
mvtec,grid,1,4,0,/home/crl/MoME/other/AD/tmp/ad-neurocomputing/extracted/mvtec/grid/train/good/176.png
mvtec,grid,2,0,0,/home/crl/MoME/other/AD/tmp/ad-neurocomputing/extracted/mvtec/grid/train/good/070.png
mvtec,grid,2,0,1,/home/crl/MoME/other/AD/tmp/ad-neurocomputing/extracted/mvtec/grid/train/good/111.png
mvtec,grid,2,1,0,/home/crl/MoME/other/AD/tmp/ad-neurocomputing/extracted/mvtec/grid/train/good/007.png
mvtec,grid,2,1,1,/home/crl/MoME/other/AD/tmp/ad-neurocomputing/extracted/mvtec/grid/train/good/073.png
mvtec,grid,2,2,0,/home/crl/MoME/other/AD/tmp/ad-neurocomputing/extracted/mvtec/grid/train/good/052.png
mvtec,grid,2,2,1,/home/crl/MoME/other/AD/tmp/ad-neurocomputing/extracted/mvtec/grid/train/good/258.png
mvtec,grid,2,3,0,/home/crl/MoME/other/AD/tmp/ad-neurocomputing/extracted/mvtec/grid/train/good/106.png
mvtec,grid,2,3,1,/home/crl/MoME/other/AD/tmp/ad-neurocomputing/extracted/mvtec/grid/train/good/198.png
mvtec,grid,2,4,0,/home/crl/MoME/other/AD/tmp/ad-neurocomputing/extracted/mvtec/grid/train/good/176.png
mvtec,grid,2,4,1,/home/crl/MoME/other/AD/tmp/ad-neurocomputing/extracted/mvtec/grid/train/good/226.png
mvtec,grid,4,0,0,/home/crl/MoME/other/AD/tmp/ad-neurocomputing/extracted/mvtec/grid/train/good/070.png
mvtec,grid,4,0,1,/home/crl/MoME/other/AD/tmp/ad-neurocomputing/extracted/mvtec/grid/train/good/103.png
mvtec,grid,4,0,2,/home/crl/MoME/other/AD/tmp/ad-neurocomputing/extracted/mvtec/grid/train/good/111.png
mvtec,grid,4,0,3,/home/crl/MoME/other/AD/tmp/ad-neurocomputing/extracted/mvtec/grid/train/good/149.png
mvtec,grid,4,1,0,/home/crl/MoME/other/AD/tmp/ad-neurocomputing/extracted/mvtec/grid/train/good/007.png
mvtec,grid,4,1,1,/home/crl/MoME/other/AD/tmp/ad-neurocomputing/extracted/mvtec/grid/train/good/063.png
mvtec,grid,4,1,2,/home/crl/MoME/other/AD/tmp/ad-neurocomputing/extracted/mvtec/grid/train/good/073.png
mvtec,grid,4,1,3,/home/crl/MoME/other/AD/tmp/ad-neurocomputing/extracted/mvtec/grid/train/good/195.png
mvtec,grid,4,2,0,/home/crl/MoME/other/AD/tmp/ad-neurocomputing/extracted/mvtec/grid/train/good/026.png
mvtec,grid,4,2,1,/home/crl/MoME/other/AD/tmp/ad-neurocomputing/extracted/mvtec/grid/train/good/052.png
mvtec,grid,4,2,2,/home/crl/MoME/other/AD/tmp/ad-neurocomputing/extracted/mvtec/grid/train/good/148.png
mvtec,grid,4,2,3,/home/crl/MoME/other/AD/tmp/ad-neurocomputing/extracted/mvtec/grid/train/good/258.png
mvtec,grid,4,3,0,/home/crl/MoME/other/AD/tmp/ad-neurocomputing/extracted/mvtec/grid/train/good/106.png
mvtec,grid,4,3,1,/home/crl/MoME/other/AD/tmp/ad-neurocomputing/extracted/mvtec/grid/train/good/171.png
mvtec,grid,4,3,2,/home/crl/MoME/other/AD/tmp/ad-neurocomputing/extracted/mvtec/grid/train/good/198.png
mvtec,grid,4,3,3,/home/crl/MoME/other/AD/tmp/ad-neurocomputing/extracted/mvtec/grid/train/good/243.png
mvtec,grid,4,4,0,/home/crl/MoME/other/AD/tmp/ad-neurocomputing/extracted/mvtec/grid/train/good/067.png
mvtec,grid,4,4,1,/home/crl/MoME/other/AD/tmp/ad-neurocomputing/extracted/mvtec/grid/train/good/176.png
mvtec,grid,4,4,2,/home/crl/MoME/other/AD/tmp/ad-neurocomputing/extracted/mvtec/grid/train/good/226.png
mvtec,grid,4,4,3,/home/crl/MoME/other/AD/tmp/ad-neurocomputing/extracted/mvtec/grid/train/good/241.png
mvtec,grid,8,0,0,/home/crl/MoME/other/AD/tmp/ad-neurocomputing/extracted/mvtec/grid/train/good/070.png
mvtec,grid,8,0,1,/home/crl/MoME/other/AD/tmp/ad-neurocomputing/extracted/mvtec/grid/train/good/071.png
mvtec,grid,8,0,2,/home/crl/MoME/other/AD/tmp/ad-neurocomputing/extracted/mvtec/grid/train/good/103.png
mvtec,grid,8,0,3,/home/crl/MoME/other/AD/tmp/ad-neurocomputing/extracted/mvtec/grid/train/good/111.png
mvtec,grid,8,0,4,/home/crl/MoME/other/AD/tmp/ad-neurocomputing/extracted/mvtec/grid/train/good/123.png
mvtec,grid,8,0,5,/home/crl/MoME/other/AD/tmp/ad-neurocomputing/extracted/mvtec/grid/train/good/149.png
mvtec,grid,8,0,6,/home/crl/MoME/other/AD/tmp/ad-neurocomputing/extracted/mvtec/grid/train/good/239.png
mvtec,grid,8,0,7,/home/crl/MoME/other/AD/tmp/ad-neurocomputing/extracted/mvtec/grid/train/good/246.png
mvtec,grid,8,1,0,/home/crl/MoME/other/AD/tmp/ad-neurocomputing/extracted/mvtec/grid/train/good/007.png
mvtec,grid,8,1,1,/home/crl/MoME/other/AD/tmp/ad-neurocomputing/extracted/mvtec/grid/train/good/063.png
mvtec,grid,8,1,2,/home/crl/MoME/other/AD/tmp/ad-neurocomputing/extracted/mvtec/grid/train/good/073.png
mvtec,grid,8,1,3,/home/crl/MoME/other/AD/tmp/ad-neurocomputing/extracted/mvtec/grid/train/good/111.png
mvtec,grid,8,1,4,/home/crl/MoME/other/AD/tmp/ad-neurocomputing/extracted/mvtec/grid/train/good/136.png
mvtec,grid,8,1,5,/home/crl/MoME/other/AD/tmp/ad-neurocomputing/extracted/mvtec/grid/train/good/171.png
mvtec,grid,8,1,6,/home/crl/MoME/other/AD/tmp/ad-neurocomputing/extracted/mvtec/grid/train/good/175.png
mvtec,grid,8,1,7,/home/crl/MoME/other/AD/tmp/ad-neurocomputing/extracted/mvtec/grid/train/good/195.png
mvtec,grid,8,2,0,/home/crl/MoME/other/AD/tmp/ad-neurocomputing/extracted/mvtec/grid/train/good/026.png
mvtec,grid,8,2,1,/home/crl/MoME/other/AD/tmp/ad-neurocomputing/extracted/mvtec/grid/train/good/052.png
mvtec,grid,8,2,2,/home/crl/MoME/other/AD/tmp/ad-neurocomputing/extracted/mvtec/grid/train/good/078.png
mvtec,grid,8,2,3,/home/crl/MoME/other/AD/tmp/ad-neurocomputing/extracted/mvtec/grid/train/good/097.png
mvtec,grid,8,2,4,/home/crl/MoME/other/AD/tmp/ad-neurocomputing/extracted/mvtec/grid/train/good/148.png
mvtec,grid,8,2,5,/home/crl/MoME/other/AD/tmp/ad-neurocomputing/extracted/mvtec/grid/train/good/204.png
mvtec,grid,8,2,6,/home/crl/MoME/other/AD/tmp/ad-neurocomputing/extracted/mvtec/grid/train/good/209.png
mvtec,grid,8,2,7,/home/crl/MoME/other/AD/tmp/ad-neurocomputing/extracted/mvtec/grid/train/good/258.png
mvtec,grid,8,3,0,/home/crl/MoME/other/AD/tmp/ad-neurocomputing/extracted/mvtec/grid/train/good/023.png
mvtec,grid,8,3,1,/home/crl/MoME/other/AD/tmp/ad-neurocomputing/extracted/mvtec/grid/train/good/060.png
mvtec,grid,8,3,2,/home/crl/MoME/other/AD/tmp/ad-neurocomputing/extracted/mvtec/grid/train/good/086.png
mvtec,grid,8,3,3,/home/crl/MoME/other/AD/tmp/ad-neurocomputing/extracted/mvtec/grid/train/good/106.png
mvtec,grid,8,3,4,/home/crl/MoME/other/AD/tmp/ad-neurocomputing/extracted/mvtec/grid/train/good/171.png
mvtec,grid,8,3,5,/home/crl/MoME/other/AD/tmp/ad-neurocomputing/extracted/mvtec/grid/train/good/198.png
mvtec,grid,8,3,6,/home/crl/MoME/other/AD/tmp/ad-neurocomputing/extracted/mvtec/grid/train/good/231.png
mvtec,grid,8,3,7,/home/crl/MoME/other/AD/tmp/ad-neurocomputing/extracted/mvtec/grid/train/good/243.png
mvtec,grid,8,4,0,/home/crl/MoME/other/AD/tmp/ad-neurocomputing/extracted/mvtec/grid/train/good/045.png
mvtec,grid,8,4,1,/home/crl/MoME/other/AD/tmp/ad-neurocomputing/extracted/mvtec/grid/train/good/067.png
mvtec,grid,8,4,2,/home/crl/MoME/other/AD/tmp/ad-neurocomputing/extracted/mvtec/grid/train/good/089.png
mvtec,grid,8,4,3,/home/crl/MoME/other/AD/tmp/ad-neurocomputing/extracted/mvtec/grid/train/good/131.png
mvtec,grid,8,4,4,/home/crl/MoME/other/AD/tmp/ad-neurocomputing/extracted/mvtec/grid/train/good/176.png
mvtec,grid,8,4,5,/home/crl/MoME/other/AD/tmp/ad-neurocomputing/extracted/mvtec/grid/train/good/226.png
mvtec,grid,8,4,6,/home/crl/MoME/other/AD/tmp/ad-neurocomputing/extracted/mvtec/grid/train/good/241.png
mvtec,grid,8,4,7,/home/crl/MoME/other/AD/tmp/ad-neurocomputing/extracted/mvtec/grid/train/good/258.png
mvtec,hazelnut,1,0,0,/home/crl/MoME/other/AD/tmp/ad-neurocomputing/extracted/mvtec/hazelnut/train/good/336.png
mvtec,hazelnut,1,1,0,/home/crl/MoME/other/AD/tmp/ad-neurocomputing/extracted/mvtec/hazelnut/train/good/265.png
mvtec,hazelnut,1,2,0,/home/crl/MoME/other/AD/tmp/ad-neurocomputing/extracted/mvtec/hazelnut/train/good/108.png
mvtec,hazelnut,1,3,0,/home/crl/MoME/other/AD/tmp/ad-neurocomputing/extracted/mvtec/hazelnut/train/good/072.png
mvtec,hazelnut,1,4,0,/home/crl/MoME/other/AD/tmp/ad-neurocomputing/extracted/mvtec/hazelnut/train/good/202.png
mvtec,hazelnut,2,0,0,/home/crl/MoME/other/AD/tmp/ad-neurocomputing/extracted/mvtec/hazelnut/train/good/336.png
mvtec,hazelnut,2,0,1,/home/crl/MoME/other/AD/tmp/ad-neurocomputing/extracted/mvtec/hazelnut/train/good/378.png
mvtec,hazelnut,2,1,0,/home/crl/MoME/other/AD/tmp/ad-neurocomputing/extracted/mvtec/hazelnut/train/good/128.png
mvtec,hazelnut,2,1,1,/home/crl/MoME/other/AD/tmp/ad-neurocomputing/extracted/mvtec/hazelnut/train/good/265.png
mvtec,hazelnut,2,2,0,/home/crl/MoME/other/AD/tmp/ad-neurocomputing/extracted/mvtec/hazelnut/train/good/108.png
mvtec,hazelnut,2,2,1,/home/crl/MoME/other/AD/tmp/ad-neurocomputing/extracted/mvtec/hazelnut/train/good/253.png
mvtec,hazelnut,2,3,0,/home/crl/MoME/other/AD/tmp/ad-neurocomputing/extracted/mvtec/hazelnut/train/good/065.png
mvtec,hazelnut,2,3,1,/home/crl/MoME/other/AD/tmp/ad-neurocomputing/extracted/mvtec/hazelnut/train/good/072.png
mvtec,hazelnut,2,4,0,/home/crl/MoME/other/AD/tmp/ad-neurocomputing/extracted/mvtec/hazelnut/train/good/107.png
mvtec,hazelnut,2,4,1,/home/crl/MoME/other/AD/tmp/ad-neurocomputing/extracted/mvtec/hazelnut/train/good/202.png
mvtec,hazelnut,4,0,0,/home/crl/MoME/other/AD/tmp/ad-neurocomputing/extracted/mvtec/hazelnut/train/good/336.png
mvtec,hazelnut,4,0,1,/home/crl/MoME/other/AD/tmp/ad-neurocomputing/extracted/mvtec/hazelnut/train/good/357.png
mvtec,hazelnut,4,0,2,/home/crl/MoME/other/AD/tmp/ad-neurocomputing/extracted/mvtec/hazelnut/train/good/378.png
mvtec,hazelnut,4,0,3,/home/crl/MoME/other/AD/tmp/ad-neurocomputing/extracted/mvtec/hazelnut/train/good/380.png
mvtec,hazelnut,4,1,0,/home/crl/MoME/other/AD/tmp/ad-neurocomputing/extracted/mvtec/hazelnut/train/good/035.png
mvtec,hazelnut,4,1,1,/home/crl/MoME/other/AD/tmp/ad-neurocomputing/extracted/mvtec/hazelnut/train/good/128.png
mvtec,hazelnut,4,1,2,/home/crl/MoME/other/AD/tmp/ad-neurocomputing/extracted/mvtec/hazelnut/train/good/220.png
mvtec,hazelnut,4,1,3,/home/crl/MoME/other/AD/tmp/ad-neurocomputing/extracted/mvtec/hazelnut/train/good/265.png
mvtec,hazelnut,4,2,0,/home/crl/MoME/other/AD/tmp/ad-neurocomputing/extracted/mvtec/hazelnut/train/good/108.png
mvtec,hazelnut,4,2,1,/home/crl/MoME/other/AD/tmp/ad-neurocomputing/extracted/mvtec/hazelnut/train/good/253.png
mvtec,hazelnut,4,2,2,/home/crl/MoME/other/AD/tmp/ad-neurocomputing/extracted/mvtec/hazelnut/train/good/261.png
mvtec,hazelnut,4,2,3,/home/crl/MoME/other/AD/tmp/ad-neurocomputing/extracted/mvtec/hazelnut/train/good/307.png
mvtec,hazelnut,4,3,0,/home/crl/MoME/other/AD/tmp/ad-neurocomputing/extracted/mvtec/hazelnut/train/good/065.png
mvtec,hazelnut,4,3,1,/home/crl/MoME/other/AD/tmp/ad-neurocomputing/extracted/mvtec/hazelnut/train/good/072.png
mvtec,hazelnut,4,3,2,/home/crl/MoME/other/AD/tmp/ad-neurocomputing/extracted/mvtec/hazelnut/train/good/086.png
mvtec,hazelnut,4,3,3,/home/crl/MoME/other/AD/tmp/ad-neurocomputing/extracted/mvtec/hazelnut/train/good/208.png
mvtec,hazelnut,4,4,0,/home/crl/MoME/other/AD/tmp/ad-neurocomputing/extracted/mvtec/hazelnut/train/good/003.png
mvtec,hazelnut,4,4,1,/home/crl/MoME/other/AD/tmp/ad-neurocomputing/extracted/mvtec/hazelnut/train/good/107.png
mvtec,hazelnut,4,4,2,/home/crl/MoME/other/AD/tmp/ad-neurocomputing/extracted/mvtec/hazelnut/train/good/202.png
mvtec,hazelnut,4,4,3,/home/crl/MoME/other/AD/tmp/ad-neurocomputing/extracted/mvtec/hazelnut/train/good/267.png
mvtec,hazelnut,8,0,0,/home/crl/MoME/other/AD/tmp/ad-neurocomputing/extracted/mvtec/hazelnut/train/good/247.png
mvtec,hazelnut,8,0,1,/home/crl/MoME/other/AD/tmp/ad-neurocomputing/extracted/mvtec/hazelnut/train/good/251.png
mvtec,hazelnut,8,0,2,/home/crl/MoME/other/AD/tmp/ad-neurocomputing/extracted/mvtec/hazelnut/train/good/256.png
mvtec,hazelnut,8,0,3,/home/crl/MoME/other/AD/tmp/ad-neurocomputing/extracted/mvtec/hazelnut/train/good/259.png
mvtec,hazelnut,8,0,4,/home/crl/MoME/other/AD/tmp/ad-neurocomputing/extracted/mvtec/hazelnut/train/good/336.png
mvtec,hazelnut,8,0,5,/home/crl/MoME/other/AD/tmp/ad-neurocomputing/extracted/mvtec/hazelnut/train/good/357.png
mvtec,hazelnut,8,0,6,/home/crl/MoME/other/AD/tmp/ad-neurocomputing/extracted/mvtec/hazelnut/train/good/378.png
mvtec,hazelnut,8,0,7,/home/crl/MoME/other/AD/tmp/ad-neurocomputing/extracted/mvtec/hazelnut/train/good/380.png
mvtec,hazelnut,8,1,0,/home/crl/MoME/other/AD/tmp/ad-neurocomputing/extracted/mvtec/hazelnut/train/good/001.png
mvtec,hazelnut,8,1,1,/home/crl/MoME/other/AD/tmp/ad-neurocomputing/extracted/mvtec/hazelnut/train/good/035.png
mvtec,hazelnut,8,1,2,/home/crl/MoME/other/AD/tmp/ad-neurocomputing/extracted/mvtec/hazelnut/train/good/123.png
mvtec,hazelnut,8,1,3,/home/crl/MoME/other/AD/tmp/ad-neurocomputing/extracted/mvtec/hazelnut/train/good/128.png
mvtec,hazelnut,8,1,4,/home/crl/MoME/other/AD/tmp/ad-neurocomputing/extracted/mvtec/hazelnut/train/good/176.png
mvtec,hazelnut,8,1,5,/home/crl/MoME/other/AD/tmp/ad-neurocomputing/extracted/mvtec/hazelnut/train/good/220.png
mvtec,hazelnut,8,1,6,/home/crl/MoME/other/AD/tmp/ad-neurocomputing/extracted/mvtec/hazelnut/train/good/265.png
mvtec,hazelnut,8,1,7,/home/crl/MoME/other/AD/tmp/ad-neurocomputing/extracted/mvtec/hazelnut/train/good/337.png
mvtec,hazelnut,8,2,0,/home/crl/MoME/other/AD/tmp/ad-neurocomputing/extracted/mvtec/hazelnut/train/good/032.png
mvtec,hazelnut,8,2,1,/home/crl/MoME/other/AD/tmp/ad-neurocomputing/extracted/mvtec/hazelnut/train/good/086.png
mvtec,hazelnut,8,2,2,/home/crl/MoME/other/AD/tmp/ad-neurocomputing/extracted/mvtec/hazelnut/train/good/108.png
mvtec,hazelnut,8,2,3,/home/crl/MoME/other/AD/tmp/ad-neurocomputing/extracted/mvtec/hazelnut/train/good/253.png
mvtec,hazelnut,8,2,4,/home/crl/MoME/other/AD/tmp/ad-neurocomputing/extracted/mvtec/hazelnut/train/good/261.png
mvtec,hazelnut,8,2,5,/home/crl/MoME/other/AD/tmp/ad-neurocomputing/extracted/mvtec/hazelnut/train/good/307.png
mvtec,hazelnut,8,2,6,/home/crl/MoME/other/AD/tmp/ad-neurocomputing/extracted/mvtec/hazelnut/train/good/355.png
mvtec,hazelnut,8,2,7,/home/crl/MoME/other/AD/tmp/ad-neurocomputing/extracted/mvtec/hazelnut/train/good/384.png
mvtec,hazelnut,8,3,0,/home/crl/MoME/other/AD/tmp/ad-neurocomputing/extracted/mvtec/hazelnut/train/good/028.png
mvtec,hazelnut,8,3,1,/home/crl/MoME/other/AD/tmp/ad-neurocomputing/extracted/mvtec/hazelnut/train/good/065.png
mvtec,hazelnut,8,3,2,/home/crl/MoME/other/AD/tmp/ad-neurocomputing/extracted/mvtec/hazelnut/train/good/072.png
mvtec,hazelnut,8,3,3,/home/crl/MoME/other/AD/tmp/ad-neurocomputing/extracted/mvtec/hazelnut/train/good/086.png
mvtec,hazelnut,8,3,4,/home/crl/MoME/other/AD/tmp/ad-neurocomputing/extracted/mvtec/hazelnut/train/good/165.png
mvtec,hazelnut,8,3,5,/home/crl/MoME/other/AD/tmp/ad-neurocomputing/extracted/mvtec/hazelnut/train/good/208.png
mvtec,hazelnut,8,3,6,/home/crl/MoME/other/AD/tmp/ad-neurocomputing/extracted/mvtec/hazelnut/train/good/258.png
mvtec,hazelnut,8,3,7,/home/crl/MoME/other/AD/tmp/ad-neurocomputing/extracted/mvtec/hazelnut/train/good/291.png
mvtec,hazelnut,8,4,0,/home/crl/MoME/other/AD/tmp/ad-neurocomputing/extracted/mvtec/hazelnut/train/good/003.png
mvtec,hazelnut,8,4,1,/home/crl/MoME/other/AD/tmp/ad-neurocomputing/extracted/mvtec/hazelnut/train/good/041.png
mvtec,hazelnut,8,4,2,/home/crl/MoME/other/AD/tmp/ad-neurocomputing/extracted/mvtec/hazelnut/train/good/107.png
mvtec,hazelnut,8,4,3,/home/crl/MoME/other/AD/tmp/ad-neurocomputing/extracted/mvtec/hazelnut/train/good/202.png
mvtec,hazelnut,8,4,4,/home/crl/MoME/other/AD/tmp/ad-neurocomputing/extracted/mvtec/hazelnut/train/good/267.png
mvtec,hazelnut,8,4,5,/home/crl/MoME/other/AD/tmp/ad-neurocomputing/extracted/mvtec/hazelnut/train/good/276.png
mvtec,hazelnut,8,4,6,/home/crl/MoME/other/AD/tmp/ad-neurocomputing/extracted/mvtec/hazelnut/train/good/365.png
mvtec,hazelnut,8,4,7,/home/crl/MoME/other/AD/tmp/ad-neurocomputing/extracted/mvtec/hazelnut/train/good/390.png
mvtec,leather,1,0,0,/home/crl/MoME/other/AD/tmp/ad-neurocomputing/extracted/mvtec/leather/train/good/102.png
mvtec,leather,1,1,0,/home/crl/MoME/other/AD/tmp/ad-neurocomputing/extracted/mvtec/leather/train/good/173.png
mvtec,leather,1,2,0,/home/crl/MoME/other/AD/tmp/ad-neurocomputing/extracted/mvtec/leather/train/good/011.png
mvtec,leather,1,3,0,/home/crl/MoME/other/AD/tmp/ad-neurocomputing/extracted/mvtec/leather/train/good/023.png
mvtec,leather,1,4,0,/home/crl/MoME/other/AD/tmp/ad-neurocomputing/extracted/mvtec/leather/train/good/066.png
mvtec,leather,2,0,0,/home/crl/MoME/other/AD/tmp/ad-neurocomputing/extracted/mvtec/leather/train/good/102.png
mvtec,leather,2,0,1,/home/crl/MoME/other/AD/tmp/ad-neurocomputing/extracted/mvtec/leather/train/good/171.png
mvtec,leather,2,1,0,/home/crl/MoME/other/AD/tmp/ad-neurocomputing/extracted/mvtec/leather/train/good/173.png
mvtec,leather,2,1,1,/home/crl/MoME/other/AD/tmp/ad-neurocomputing/extracted/mvtec/leather/train/good/217.png
mvtec,leather,2,2,0,/home/crl/MoME/other/AD/tmp/ad-neurocomputing/extracted/mvtec/leather/train/good/011.png
mvtec,leather,2,2,1,/home/crl/MoME/other/AD/tmp/ad-neurocomputing/extracted/mvtec/leather/train/good/048.png
mvtec,leather,2,3,0,/home/crl/MoME/other/AD/tmp/ad-neurocomputing/extracted/mvtec/leather/train/good/023.png
mvtec,leather,2,3,1,/home/crl/MoME/other/AD/tmp/ad-neurocomputing/extracted/mvtec/leather/train/good/172.png
mvtec,leather,2,4,0,/home/crl/MoME/other/AD/tmp/ad-neurocomputing/extracted/mvtec/leather/train/good/063.png
mvtec,leather,2,4,1,/home/crl/MoME/other/AD/tmp/ad-neurocomputing/extracted/mvtec/leather/train/good/066.png
mvtec,leather,4,0,0,/home/crl/MoME/other/AD/tmp/ad-neurocomputing/extracted/mvtec/leather/train/good/102.png
mvtec,leather,4,0,1,/home/crl/MoME/other/AD/tmp/ad-neurocomputing/extracted/mvtec/leather/train/good/171.png
mvtec,leather,4,0,2,/home/crl/MoME/other/AD/tmp/ad-neurocomputing/extracted/mvtec/leather/train/good/177.png
mvtec,leather,4,0,3,/home/crl/MoME/other/AD/tmp/ad-neurocomputing/extracted/mvtec/leather/train/good/242.png
mvtec,leather,4,1,0,/home/crl/MoME/other/AD/tmp/ad-neurocomputing/extracted/mvtec/leather/train/good/029.png
mvtec,leather,4,1,1,/home/crl/MoME/other/AD/tmp/ad-neurocomputing/extracted/mvtec/leather/train/good/170.png
mvtec,leather,4,1,2,/home/crl/MoME/other/AD/tmp/ad-neurocomputing/extracted/mvtec/leather/train/good/173.png
mvtec,leather,4,1,3,/home/crl/MoME/other/AD/tmp/ad-neurocomputing/extracted/mvtec/leather/train/good/217.png
mvtec,leather,4,2,0,/home/crl/MoME/other/AD/tmp/ad-neurocomputing/extracted/mvtec/leather/train/good/011.png
mvtec,leather,4,2,1,/home/crl/MoME/other/AD/tmp/ad-neurocomputing/extracted/mvtec/leather/train/good/048.png
mvtec,leather,4,2,2,/home/crl/MoME/other/AD/tmp/ad-neurocomputing/extracted/mvtec/leather/train/good/097.png
mvtec,leather,4,2,3,/home/crl/MoME/other/AD/tmp/ad-neurocomputing/extracted/mvtec/leather/train/good/180.png
mvtec,leather,4,3,0,/home/crl/MoME/other/AD/tmp/ad-neurocomputing/extracted/mvtec/leather/train/good/023.png
mvtec,leather,4,3,1,/home/crl/MoME/other/AD/tmp/ad-neurocomputing/extracted/mvtec/leather/train/good/099.png
mvtec,leather,4,3,2,/home/crl/MoME/other/AD/tmp/ad-neurocomputing/extracted/mvtec/leather/train/good/116.png
mvtec,leather,4,3,3,/home/crl/MoME/other/AD/tmp/ad-neurocomputing/extracted/mvtec/leather/train/good/172.png
mvtec,leather,4,4,0,/home/crl/MoME/other/AD/tmp/ad-neurocomputing/extracted/mvtec/leather/train/good/063.png
mvtec,leather,4,4,1,/home/crl/MoME/other/AD/tmp/ad-neurocomputing/extracted/mvtec/leather/train/good/066.png
mvtec,leather,4,4,2,/home/crl/MoME/other/AD/tmp/ad-neurocomputing/extracted/mvtec/leather/train/good/187.png
mvtec,leather,4,4,3,/home/crl/MoME/other/AD/tmp/ad-neurocomputing/extracted/mvtec/leather/train/good/190.png
mvtec,leather,8,0,0,/home/crl/MoME/other/AD/tmp/ad-neurocomputing/extracted/mvtec/leather/train/good/102.png
mvtec,leather,8,0,1,/home/crl/MoME/other/AD/tmp/ad-neurocomputing/extracted/mvtec/leather/train/good/109.png
mvtec,leather,8,0,2,/home/crl/MoME/other/AD/tmp/ad-neurocomputing/extracted/mvtec/leather/train/good/119.png
mvtec,leather,8,0,3,/home/crl/MoME/other/AD/tmp/ad-neurocomputing/extracted/mvtec/leather/train/good/171.png
mvtec,leather,8,0,4,/home/crl/MoME/other/AD/tmp/ad-neurocomputing/extracted/mvtec/leather/train/good/177.png
mvtec,leather,8,0,5,/home/crl/MoME/other/AD/tmp/ad-neurocomputing/extracted/mvtec/leather/train/good/203.png
mvtec,leather,8,0,6,/home/crl/MoME/other/AD/tmp/ad-neurocomputing/extracted/mvtec/leather/train/good/218.png
mvtec,leather,8,0,7,/home/crl/MoME/other/AD/tmp/ad-neurocomputing/extracted/mvtec/leather/train/good/242.png
mvtec,leather,8,1,0,/home/crl/MoME/other/AD/tmp/ad-neurocomputing/extracted/mvtec/leather/train/good/007.png
mvtec,leather,8,1,1,/home/crl/MoME/other/AD/tmp/ad-neurocomputing/extracted/mvtec/leather/train/good/029.png
mvtec,leather,8,1,2,/home/crl/MoME/other/AD/tmp/ad-neurocomputing/extracted/mvtec/leather/train/good/052.png
mvtec,leather,8,1,3,/home/crl/MoME/other/AD/tmp/ad-neurocomputing/extracted/mvtec/leather/train/good/059.png
mvtec,leather,8,1,4,/home/crl/MoME/other/AD/tmp/ad-neurocomputing/extracted/mvtec/leather/train/good/133.png
mvtec,leather,8,1,5,/home/crl/MoME/other/AD/tmp/ad-neurocomputing/extracted/mvtec/leather/train/good/170.png
mvtec,leather,8,1,6,/home/crl/MoME/other/AD/tmp/ad-neurocomputing/extracted/mvtec/leather/train/good/173.png
mvtec,leather,8,1,7,/home/crl/MoME/other/AD/tmp/ad-neurocomputing/extracted/mvtec/leather/train/good/217.png
mvtec,leather,8,2,0,/home/crl/MoME/other/AD/tmp/ad-neurocomputing/extracted/mvtec/leather/train/good/011.png
mvtec,leather,8,2,1,/home/crl/MoME/other/AD/tmp/ad-neurocomputing/extracted/mvtec/leather/train/good/048.png
mvtec,leather,8,2,2,/home/crl/MoME/other/AD/tmp/ad-neurocomputing/extracted/mvtec/leather/train/good/053.png
mvtec,leather,8,2,3,/home/crl/MoME/other/AD/tmp/ad-neurocomputing/extracted/mvtec/leather/train/good/097.png
mvtec,leather,8,2,4,/home/crl/MoME/other/AD/tmp/ad-neurocomputing/extracted/mvtec/leather/train/good/115.png
mvtec,leather,8,2,5,/home/crl/MoME/other/AD/tmp/ad-neurocomputing/extracted/mvtec/leather/train/good/180.png
mvtec,leather,8,2,6,/home/crl/MoME/other/AD/tmp/ad-neurocomputing/extracted/mvtec/leather/train/good/197.png
mvtec,leather,8,2,7,/home/crl/MoME/other/AD/tmp/ad-neurocomputing/extracted/mvtec/leather/train/good/201.png
mvtec,leather,8,3,0,/home/crl/MoME/other/AD/tmp/ad-neurocomputing/extracted/mvtec/leather/train/good/023.png
mvtec,leather,8,3,1,/home/crl/MoME/other/AD/tmp/ad-neurocomputing/extracted/mvtec/leather/train/good/072.png
mvtec,leather,8,3,2,/home/crl/MoME/other/AD/tmp/ad-neurocomputing/extracted/mvtec/leather/train/good/099.png
mvtec,leather,8,3,3,/home/crl/MoME/other/AD/tmp/ad-neurocomputing/extracted/mvtec/leather/train/good/116.png
mvtec,leather,8,3,4,/home/crl/MoME/other/AD/tmp/ad-neurocomputing/extracted/mvtec/leather/train/good/136.png
mvtec,leather,8,3,5,/home/crl/MoME/other/AD/tmp/ad-neurocomputing/extracted/mvtec/leather/train/good/152.png
mvtec,leather,8,3,6,/home/crl/MoME/other/AD/tmp/ad-neurocomputing/extracted/mvtec/leather/train/good/172.png
mvtec,leather,8,3,7,/home/crl/MoME/other/AD/tmp/ad-neurocomputing/extracted/mvtec/leather/train/good/211.png
mvtec,leather,8,4,0,/home/crl/MoME/other/AD/tmp/ad-neurocomputing/extracted/mvtec/leather/train/good/063.png
mvtec,leather,8,4,1,/home/crl/MoME/other/AD/tmp/ad-neurocomputing/extracted/mvtec/leather/train/good/066.png
mvtec,leather,8,4,2,/home/crl/MoME/other/AD/tmp/ad-neurocomputing/extracted/mvtec/leather/train/good/131.png
mvtec,leather,8,4,3,/home/crl/MoME/other/AD/tmp/ad-neurocomputing/extracted/mvtec/leather/train/good/137.png
mvtec,leather,8,4,4,/home/crl/MoME/other/AD/tmp/ad-neurocomputing/extracted/mvtec/leather/train/good/138.png
mvtec,leather,8,4,5,/home/crl/MoME/other/AD/tmp/ad-neurocomputing/extracted/mvtec/leather/train/good/156.png
mvtec,leather,8,4,6,/home/crl/MoME/other/AD/tmp/ad-neurocomputing/extracted/mvtec/leather/train/good/187.png
mvtec,leather,8,4,7,/home/crl/MoME/other/AD/tmp/ad-neurocomputing/extracted/mvtec/leather/train/good/190.png
mvtec,metal_nut,1,0,0,/home/crl/MoME/other/AD/tmp/ad-neurocomputing/extracted/mvtec/metal_nut/train/good/090.png
mvtec,metal_nut,1,1,0,/home/crl/MoME/other/AD/tmp/ad-neurocomputing/extracted/mvtec/metal_nut/train/good/193.png
mvtec,metal_nut,1,2,0,/home/crl/MoME/other/AD/tmp/ad-neurocomputing/extracted/mvtec/metal_nut/train/good/011.png
mvtec,metal_nut,1,3,0,/home/crl/MoME/other/AD/tmp/ad-neurocomputing/extracted/mvtec/metal_nut/train/good/087.png
mvtec,metal_nut,1,4,0,/home/crl/MoME/other/AD/tmp/ad-neurocomputing/extracted/mvtec/metal_nut/train/good/184.png
mvtec,metal_nut,2,0,0,/home/crl/MoME/other/AD/tmp/ad-neurocomputing/extracted/mvtec/metal_nut/train/good/072.png
mvtec,metal_nut,2,0,1,/home/crl/MoME/other/AD/tmp/ad-neurocomputing/extracted/mvtec/metal_nut/train/good/090.png
mvtec,metal_nut,2,1,0,/home/crl/MoME/other/AD/tmp/ad-neurocomputing/extracted/mvtec/metal_nut/train/good/172.png
mvtec,metal_nut,2,1,1,/home/crl/MoME/other/AD/tmp/ad-neurocomputing/extracted/mvtec/metal_nut/train/good/193.png
mvtec,metal_nut,2,2,0,/home/crl/MoME/other/AD/tmp/ad-neurocomputing/extracted/mvtec/metal_nut/train/good/011.png
mvtec,metal_nut,2,2,1,/home/crl/MoME/other/AD/tmp/ad-neurocomputing/extracted/mvtec/metal_nut/train/good/086.png
mvtec,metal_nut,2,3,0,/home/crl/MoME/other/AD/tmp/ad-neurocomputing/extracted/mvtec/metal_nut/train/good/043.png
mvtec,metal_nut,2,3,1,/home/crl/MoME/other/AD/tmp/ad-neurocomputing/extracted/mvtec/metal_nut/train/good/087.png
mvtec,metal_nut,2,4,0,/home/crl/MoME/other/AD/tmp/ad-neurocomputing/extracted/mvtec/metal_nut/train/good/035.png
mvtec,metal_nut,2,4,1,/home/crl/MoME/other/AD/tmp/ad-neurocomputing/extracted/mvtec/metal_nut/train/good/184.png
mvtec,metal_nut,4,0,0,/home/crl/MoME/other/AD/tmp/ad-neurocomputing/extracted/mvtec/metal_nut/train/good/000.png
mvtec,metal_nut,4,0,1,/home/crl/MoME/other/AD/tmp/ad-neurocomputing/extracted/mvtec/metal_nut/train/good/072.png
mvtec,metal_nut,4,0,2,/home/crl/MoME/other/AD/tmp/ad-neurocomputing/extracted/mvtec/metal_nut/train/good/090.png
mvtec,metal_nut,4,0,3,/home/crl/MoME/other/AD/tmp/ad-neurocomputing/extracted/mvtec/metal_nut/train/good/155.png
mvtec,metal_nut,4,1,0,/home/crl/MoME/other/AD/tmp/ad-neurocomputing/extracted/mvtec/metal_nut/train/good/007.png
mvtec,metal_nut,4,1,1,/home/crl/MoME/other/AD/tmp/ad-neurocomputing/extracted/mvtec/metal_nut/train/good/014.png
mvtec,metal_nut,4,1,2,/home/crl/MoME/other/AD/tmp/ad-neurocomputing/extracted/mvtec/metal_nut/train/good/172.png
mvtec,metal_nut,4,1,3,/home/crl/MoME/other/AD/tmp/ad-neurocomputing/extracted/mvtec/metal_nut/train/good/193.png
mvtec,metal_nut,4,2,0,/home/crl/MoME/other/AD/tmp/ad-neurocomputing/extracted/mvtec/metal_nut/train/good/011.png
mvtec,metal_nut,4,2,1,/home/crl/MoME/other/AD/tmp/ad-neurocomputing/extracted/mvtec/metal_nut/train/good/048.png
mvtec,metal_nut,4,2,2,/home/crl/MoME/other/AD/tmp/ad-neurocomputing/extracted/mvtec/metal_nut/train/good/086.png
mvtec,metal_nut,4,2,3,/home/crl/MoME/other/AD/tmp/ad-neurocomputing/extracted/mvtec/metal_nut/train/good/147.png
mvtec,metal_nut,4,3,0,/home/crl/MoME/other/AD/tmp/ad-neurocomputing/extracted/mvtec/metal_nut/train/good/043.png
mvtec,metal_nut,4,3,1,/home/crl/MoME/other/AD/tmp/ad-neurocomputing/extracted/mvtec/metal_nut/train/good/087.png
mvtec,metal_nut,4,3,2,/home/crl/MoME/other/AD/tmp/ad-neurocomputing/extracted/mvtec/metal_nut/train/good/098.png
mvtec,metal_nut,4,3,3,/home/crl/MoME/other/AD/tmp/ad-neurocomputing/extracted/mvtec/metal_nut/train/good/180.png
mvtec,metal_nut,4,4,0,/home/crl/MoME/other/AD/tmp/ad-neurocomputing/extracted/mvtec/metal_nut/train/good/035.png
mvtec,metal_nut,4,4,1,/home/crl/MoME/other/AD/tmp/ad-neurocomputing/extracted/mvtec/metal_nut/train/good/044.png
mvtec,metal_nut,4,4,2,/home/crl/MoME/other/AD/tmp/ad-neurocomputing/extracted/mvtec/metal_nut/train/good/175.png
mvtec,metal_nut,4,4,3,/home/crl/MoME/other/AD/tmp/ad-neurocomputing/extracted/mvtec/metal_nut/train/good/184.png
mvtec,metal_nut,8,0,0,/home/crl/MoME/other/AD/tmp/ad-neurocomputing/extracted/mvtec/metal_nut/train/good/000.png
mvtec,metal_nut,8,0,1,/home/crl/MoME/other/AD/tmp/ad-neurocomputing/extracted/mvtec/metal_nut/train/good/060.png
mvtec,metal_nut,8,0,2,/home/crl/MoME/other/AD/tmp/ad-neurocomputing/extracted/mvtec/metal_nut/train/good/072.png
mvtec,metal_nut,8,0,3,/home/crl/MoME/other/AD/tmp/ad-neurocomputing/extracted/mvtec/metal_nut/train/good/080.png
mvtec,metal_nut,8,0,4,/home/crl/MoME/other/AD/tmp/ad-neurocomputing/extracted/mvtec/metal_nut/train/good/090.png
mvtec,metal_nut,8,0,5,/home/crl/MoME/other/AD/tmp/ad-neurocomputing/extracted/mvtec/metal_nut/train/good/119.png
mvtec,metal_nut,8,0,6,/home/crl/MoME/other/AD/tmp/ad-neurocomputing/extracted/mvtec/metal_nut/train/good/122.png
mvtec,metal_nut,8,0,7,/home/crl/MoME/other/AD/tmp/ad-neurocomputing/extracted/mvtec/metal_nut/train/good/155.png
mvtec,metal_nut,8,1,0,/home/crl/MoME/other/AD/tmp/ad-neurocomputing/extracted/mvtec/metal_nut/train/good/001.png
mvtec,metal_nut,8,1,1,/home/crl/MoME/other/AD/tmp/ad-neurocomputing/extracted/mvtec/metal_nut/train/good/007.png
mvtec,metal_nut,8,1,2,/home/crl/MoME/other/AD/tmp/ad-neurocomputing/extracted/mvtec/metal_nut/train/good/013.png
mvtec,metal_nut,8,1,3,/home/crl/MoME/other/AD/tmp/ad-neurocomputing/extracted/mvtec/metal_nut/train/good/014.png
mvtec,metal_nut,8,1,4,/home/crl/MoME/other/AD/tmp/ad-neurocomputing/extracted/mvtec/metal_nut/train/good/138.png
mvtec,metal_nut,8,1,5,/home/crl/MoME/other/AD/tmp/ad-neurocomputing/extracted/mvtec/metal_nut/train/good/142.png
mvtec,metal_nut,8,1,6,/home/crl/MoME/other/AD/tmp/ad-neurocomputing/extracted/mvtec/metal_nut/train/good/172.png
mvtec,metal_nut,8,1,7,/home/crl/MoME/other/AD/tmp/ad-neurocomputing/extracted/mvtec/metal_nut/train/good/193.png
mvtec,metal_nut,8,2,0,/home/crl/MoME/other/AD/tmp/ad-neurocomputing/extracted/mvtec/metal_nut/train/good/011.png
mvtec,metal_nut,8,2,1,/home/crl/MoME/other/AD/tmp/ad-neurocomputing/extracted/mvtec/metal_nut/train/good/045.png
mvtec,metal_nut,8,2,2,/home/crl/MoME/other/AD/tmp/ad-neurocomputing/extracted/mvtec/metal_nut/train/good/048.png
mvtec,metal_nut,8,2,3,/home/crl/MoME/other/AD/tmp/ad-neurocomputing/extracted/mvtec/metal_nut/train/good/086.png
mvtec,metal_nut,8,2,4,/home/crl/MoME/other/AD/tmp/ad-neurocomputing/extracted/mvtec/metal_nut/train/good/129.png
mvtec,metal_nut,8,2,5,/home/crl/MoME/other/AD/tmp/ad-neurocomputing/extracted/mvtec/metal_nut/train/good/147.png
mvtec,metal_nut,8,2,6,/home/crl/MoME/other/AD/tmp/ad-neurocomputing/extracted/mvtec/metal_nut/train/good/179.png
mvtec,metal_nut,8,2,7,/home/crl/MoME/other/AD/tmp/ad-neurocomputing/extracted/mvtec/metal_nut/train/good/211.png
mvtec,metal_nut,8,3,0,/home/crl/MoME/other/AD/tmp/ad-neurocomputing/extracted/mvtec/metal_nut/train/good/024.png
mvtec,metal_nut,8,3,1,/home/crl/MoME/other/AD/tmp/ad-neurocomputing/extracted/mvtec/metal_nut/train/good/043.png
mvtec,metal_nut,8,3,2,/home/crl/MoME/other/AD/tmp/ad-neurocomputing/extracted/mvtec/metal_nut/train/good/063.png
mvtec,metal_nut,8,3,3,/home/crl/MoME/other/AD/tmp/ad-neurocomputing/extracted/mvtec/metal_nut/train/good/085.png
mvtec,metal_nut,8,3,4,/home/crl/MoME/other/AD/tmp/ad-neurocomputing/extracted/mvtec/metal_nut/train/good/087.png
mvtec,metal_nut,8,3,5,/home/crl/MoME/other/AD/tmp/ad-neurocomputing/extracted/mvtec/metal_nut/train/good/098.png
mvtec,metal_nut,8,3,6,/home/crl/MoME/other/AD/tmp/ad-neurocomputing/extracted/mvtec/metal_nut/train/good/180.png
mvtec,metal_nut,8,3,7,/home/crl/MoME/other/AD/tmp/ad-neurocomputing/extracted/mvtec/metal_nut/train/good/188.png
mvtec,metal_nut,8,4,0,/home/crl/MoME/other/AD/tmp/ad-neurocomputing/extracted/mvtec/metal_nut/train/good/023.png
mvtec,metal_nut,8,4,1,/home/crl/MoME/other/AD/tmp/ad-neurocomputing/extracted/mvtec/metal_nut/train/good/035.png
mvtec,metal_nut,8,4,2,/home/crl/MoME/other/AD/tmp/ad-neurocomputing/extracted/mvtec/metal_nut/train/good/036.png
mvtec,metal_nut,8,4,3,/home/crl/MoME/other/AD/tmp/ad-neurocomputing/extracted/mvtec/metal_nut/train/good/044.png
mvtec,metal_nut,8,4,4,/home/crl/MoME/other/AD/tmp/ad-neurocomputing/extracted/mvtec/metal_nut/train/good/089.png
mvtec,metal_nut,8,4,5,/home/crl/MoME/other/AD/tmp/ad-neurocomputing/extracted/mvtec/metal_nut/train/good/156.png
mvtec,metal_nut,8,4,6,/home/crl/MoME/other/AD/tmp/ad-neurocomputing/extracted/mvtec/metal_nut/train/good/175.png
mvtec,metal_nut,8,4,7,/home/crl/MoME/other/AD/tmp/ad-neurocomputing/extracted/mvtec/metal_nut/train/good/184.png
mvtec,pill,1,0,0,/home/crl/MoME/other/AD/tmp/ad-neurocomputing/extracted/mvtec/pill/train/good/252.png
mvtec,pill,1,1,0,/home/crl/MoME/other/AD/tmp/ad-neurocomputing/extracted/mvtec/pill/train/good/007.png
mvtec,pill,1,2,0,/home/crl/MoME/other/AD/tmp/ad-neurocomputing/extracted/mvtec/pill/train/good/197.png
mvtec,pill,1,3,0,/home/crl/MoME/other/AD/tmp/ad-neurocomputing/extracted/mvtec/pill/train/good/205.png
mvtec,pill,1,4,0,/home/crl/MoME/other/AD/tmp/ad-neurocomputing/extracted/mvtec/pill/train/good/225.png
mvtec,pill,2,0,0,/home/crl/MoME/other/AD/tmp/ad-neurocomputing/extracted/mvtec/pill/train/good/065.png
mvtec,pill,2,0,1,/home/crl/MoME/other/AD/tmp/ad-neurocomputing/extracted/mvtec/pill/train/good/252.png
mvtec,pill,2,1,0,/home/crl/MoME/other/AD/tmp/ad-neurocomputing/extracted/mvtec/pill/train/good/007.png
mvtec,pill,2,1,1,/home/crl/MoME/other/AD/tmp/ad-neurocomputing/extracted/mvtec/pill/train/good/145.png
mvtec,pill,2,2,0,/home/crl/MoME/other/AD/tmp/ad-neurocomputing/extracted/mvtec/pill/train/good/146.png
mvtec,pill,2,2,1,/home/crl/MoME/other/AD/tmp/ad-neurocomputing/extracted/mvtec/pill/train/good/197.png
mvtec,pill,2,3,0,/home/crl/MoME/other/AD/tmp/ad-neurocomputing/extracted/mvtec/pill/train/good/167.png
mvtec,pill,2,3,1,/home/crl/MoME/other/AD/tmp/ad-neurocomputing/extracted/mvtec/pill/train/good/205.png
mvtec,pill,2,4,0,/home/crl/MoME/other/AD/tmp/ad-neurocomputing/extracted/mvtec/pill/train/good/225.png
mvtec,pill,2,4,1,/home/crl/MoME/other/AD/tmp/ad-neurocomputing/extracted/mvtec/pill/train/good/232.png
mvtec,pill,4,0,0,/home/crl/MoME/other/AD/tmp/ad-neurocomputing/extracted/mvtec/pill/train/good/065.png
mvtec,pill,4,0,1,/home/crl/MoME/other/AD/tmp/ad-neurocomputing/extracted/mvtec/pill/train/good/071.png
mvtec,pill,4,0,2,/home/crl/MoME/other/AD/tmp/ad-neurocomputing/extracted/mvtec/pill/train/good/192.png
mvtec,pill,4,0,3,/home/crl/MoME/other/AD/tmp/ad-neurocomputing/extracted/mvtec/pill/train/good/252.png
mvtec,pill,4,1,0,/home/crl/MoME/other/AD/tmp/ad-neurocomputing/extracted/mvtec/pill/train/good/007.png
mvtec,pill,4,1,1,/home/crl/MoME/other/AD/tmp/ad-neurocomputing/extracted/mvtec/pill/train/good/029.png
mvtec,pill,4,1,2,/home/crl/MoME/other/AD/tmp/ad-neurocomputing/extracted/mvtec/pill/train/good/096.png
mvtec,pill,4,1,3,/home/crl/MoME/other/AD/tmp/ad-neurocomputing/extracted/mvtec/pill/train/good/145.png
mvtec,pill,4,2,0,/home/crl/MoME/other/AD/tmp/ad-neurocomputing/extracted/mvtec/pill/train/good/118.png
mvtec,pill,4,2,1,/home/crl/MoME/other/AD/tmp/ad-neurocomputing/extracted/mvtec/pill/train/good/146.png
mvtec,pill,4,2,2,/home/crl/MoME/other/AD/tmp/ad-neurocomputing/extracted/mvtec/pill/train/good/197.png
mvtec,pill,4,2,3,/home/crl/MoME/other/AD/tmp/ad-neurocomputing/extracted/mvtec/pill/train/good/201.png
mvtec,pill,4,3,0,/home/crl/MoME/other/AD/tmp/ad-neurocomputing/extracted/mvtec/pill/train/good/083.png
mvtec,pill,4,3,1,/home/crl/MoME/other/AD/tmp/ad-neurocomputing/extracted/mvtec/pill/train/good/139.png
mvtec,pill,4,3,2,/home/crl/MoME/other/AD/tmp/ad-neurocomputing/extracted/mvtec/pill/train/good/167.png
mvtec,pill,4,3,3,/home/crl/MoME/other/AD/tmp/ad-neurocomputing/extracted/mvtec/pill/train/good/205.png
mvtec,pill,4,4,0,/home/crl/MoME/other/AD/tmp/ad-neurocomputing/extracted/mvtec/pill/train/good/085.png
mvtec,pill,4,4,1,/home/crl/MoME/other/AD/tmp/ad-neurocomputing/extracted/mvtec/pill/train/good/128.png
mvtec,pill,4,4,2,/home/crl/MoME/other/AD/tmp/ad-neurocomputing/extracted/mvtec/pill/train/good/225.png
mvtec,pill,4,4,3,/home/crl/MoME/other/AD/tmp/ad-neurocomputing/extracted/mvtec/pill/train/good/232.png
mvtec,pill,8,0,0,/home/crl/MoME/other/AD/tmp/ad-neurocomputing/extracted/mvtec/pill/train/good/054.png
mvtec,pill,8,0,1,/home/crl/MoME/other/AD/tmp/ad-neurocomputing/extracted/mvtec/pill/train/good/065.png
mvtec,pill,8,0,2,/home/crl/MoME/other/AD/tmp/ad-neurocomputing/extracted/mvtec/pill/train/good/071.png
mvtec,pill,8,0,3,/home/crl/MoME/other/AD/tmp/ad-neurocomputing/extracted/mvtec/pill/train/good/084.png
mvtec,pill,8,0,4,/home/crl/MoME/other/AD/tmp/ad-neurocomputing/extracted/mvtec/pill/train/good/123.png
mvtec,pill,8,0,5,/home/crl/MoME/other/AD/tmp/ad-neurocomputing/extracted/mvtec/pill/train/good/164.png
mvtec,pill,8,0,6,/home/crl/MoME/other/AD/tmp/ad-neurocomputing/extracted/mvtec/pill/train/good/192.png
mvtec,pill,8,0,7,/home/crl/MoME/other/AD/tmp/ad-neurocomputing/extracted/mvtec/pill/train/good/252.png
mvtec,pill,8,1,0,/home/crl/MoME/other/AD/tmp/ad-neurocomputing/extracted/mvtec/pill/train/good/007.png
mvtec,pill,8,1,1,/home/crl/MoME/other/AD/tmp/ad-neurocomputing/extracted/mvtec/pill/train/good/029.png
mvtec,pill,8,1,2,/home/crl/MoME/other/AD/tmp/ad-neurocomputing/extracted/mvtec/pill/train/good/096.png
mvtec,pill,8,1,3,/home/crl/MoME/other/AD/tmp/ad-neurocomputing/extracted/mvtec/pill/train/good/111.png
mvtec,pill,8,1,4,/home/crl/MoME/other/AD/tmp/ad-neurocomputing/extracted/mvtec/pill/train/good/145.png
mvtec,pill,8,1,5,/home/crl/MoME/other/AD/tmp/ad-neurocomputing/extracted/mvtec/pill/train/good/150.png
mvtec,pill,8,1,6,/home/crl/MoME/other/AD/tmp/ad-neurocomputing/extracted/mvtec/pill/train/good/153.png
mvtec,pill,8,1,7,/home/crl/MoME/other/AD/tmp/ad-neurocomputing/extracted/mvtec/pill/train/good/252.png
mvtec,pill,8,2,0,/home/crl/MoME/other/AD/tmp/ad-neurocomputing/extracted/mvtec/pill/train/good/082.png
mvtec,pill,8,2,1,/home/crl/MoME/other/AD/tmp/ad-neurocomputing/extracted/mvtec/pill/train/good/089.png
mvtec,pill,8,2,2,/home/crl/MoME/other/AD/tmp/ad-neurocomputing/extracted/mvtec/pill/train/good/118.png
mvtec,pill,8,2,3,/home/crl/MoME/other/AD/tmp/ad-neurocomputing/extracted/mvtec/pill/train/good/139.png
mvtec,pill,8,2,4,/home/crl/MoME/other/AD/tmp/ad-neurocomputing/extracted/mvtec/pill/train/good/146.png
mvtec,pill,8,2,5,/home/crl/MoME/other/AD/tmp/ad-neurocomputing/extracted/mvtec/pill/train/good/162.png
mvtec,pill,8,2,6,/home/crl/MoME/other/AD/tmp/ad-neurocomputing/extracted/mvtec/pill/train/good/197.png
mvtec,pill,8,2,7,/home/crl/MoME/other/AD/tmp/ad-neurocomputing/extracted/mvtec/pill/train/good/201.png
mvtec,pill,8,3,0,/home/crl/MoME/other/AD/tmp/ad-neurocomputing/extracted/mvtec/pill/train/good/023.png
mvtec,pill,8,3,1,/home/crl/MoME/other/AD/tmp/ad-neurocomputing/extracted/mvtec/pill/train/good/062.png
mvtec,pill,8,3,2,/home/crl/MoME/other/AD/tmp/ad-neurocomputing/extracted/mvtec/pill/train/good/083.png
mvtec,pill,8,3,3,/home/crl/MoME/other/AD/tmp/ad-neurocomputing/extracted/mvtec/pill/train/good/139.png
mvtec,pill,8,3,4,/home/crl/MoME/other/AD/tmp/ad-neurocomputing/extracted/mvtec/pill/train/good/167.png
mvtec,pill,8,3,5,/home/crl/MoME/other/AD/tmp/ad-neurocomputing/extracted/mvtec/pill/train/good/205.png
mvtec,pill,8,3,6,/home/crl/MoME/other/AD/tmp/ad-neurocomputing/extracted/mvtec/pill/train/good/215.png
mvtec,pill,8,3,7,/home/crl/MoME/other/AD/tmp/ad-neurocomputing/extracted/mvtec/pill/train/good/217.png
mvtec,pill,8,4,0,/home/crl/MoME/other/AD/tmp/ad-neurocomputing/extracted/mvtec/pill/train/good/065.png
mvtec,pill,8,4,1,/home/crl/MoME/other/AD/tmp/ad-neurocomputing/extracted/mvtec/pill/train/good/085.png
mvtec,pill,8,4,2,/home/crl/MoME/other/AD/tmp/ad-neurocomputing/extracted/mvtec/pill/train/good/094.png
mvtec,pill,8,4,3,/home/crl/MoME/other/AD/tmp/ad-neurocomputing/extracted/mvtec/pill/train/good/128.png
mvtec,pill,8,4,4,/home/crl/MoME/other/AD/tmp/ad-neurocomputing/extracted/mvtec/pill/train/good/167.png
mvtec,pill,8,4,5,/home/crl/MoME/other/AD/tmp/ad-neurocomputing/extracted/mvtec/pill/train/good/174.png
mvtec,pill,8,4,6,/home/crl/MoME/other/AD/tmp/ad-neurocomputing/extracted/mvtec/pill/train/good/225.png
mvtec,pill,8,4,7,/home/crl/MoME/other/AD/tmp/ad-neurocomputing/extracted/mvtec/pill/train/good/232.png
mvtec,screw,1,0,0,/home/crl/MoME/other/AD/tmp/ad-neurocomputing/extracted/mvtec/screw/train/good/147.png
mvtec,screw,1,1,0,/home/crl/MoME/other/AD/tmp/ad-neurocomputing/extracted/mvtec/screw/train/good/183.png
mvtec,screw,1,2,0,/home/crl/MoME/other/AD/tmp/ad-neurocomputing/extracted/mvtec/screw/train/good/166.png
mvtec,screw,1,3,0,/home/crl/MoME/other/AD/tmp/ad-neurocomputing/extracted/mvtec/screw/train/good/065.png
mvtec,screw,1,4,0,/home/crl/MoME/other/AD/tmp/ad-neurocomputing/extracted/mvtec/screw/train/good/206.png
mvtec,screw,2,0,0,/home/crl/MoME/other/AD/tmp/ad-neurocomputing/extracted/mvtec/screw/train/good/018.png
mvtec,screw,2,0,1,/home/crl/MoME/other/AD/tmp/ad-neurocomputing/extracted/mvtec/screw/train/good/147.png
mvtec,screw,2,1,0,/home/crl/MoME/other/AD/tmp/ad-neurocomputing/extracted/mvtec/screw/train/good/009.png
mvtec,screw,2,1,1,/home/crl/MoME/other/AD/tmp/ad-neurocomputing/extracted/mvtec/screw/train/good/183.png
mvtec,screw,2,2,0,/home/crl/MoME/other/AD/tmp/ad-neurocomputing/extracted/mvtec/screw/train/good/166.png
mvtec,screw,2,2,1,/home/crl/MoME/other/AD/tmp/ad-neurocomputing/extracted/mvtec/screw/train/good/209.png
mvtec,screw,2,3,0,/home/crl/MoME/other/AD/tmp/ad-neurocomputing/extracted/mvtec/screw/train/good/065.png
mvtec,screw,2,3,1,/home/crl/MoME/other/AD/tmp/ad-neurocomputing/extracted/mvtec/screw/train/good/171.png
mvtec,screw,2,4,0,/home/crl/MoME/other/AD/tmp/ad-neurocomputing/extracted/mvtec/screw/train/good/102.png
mvtec,screw,2,4,1,/home/crl/MoME/other/AD/tmp/ad-neurocomputing/extracted/mvtec/screw/train/good/206.png
mvtec,screw,4,0,0,/home/crl/MoME/other/AD/tmp/ad-neurocomputing/extracted/mvtec/screw/train/good/018.png
mvtec,screw,4,0,1,/home/crl/MoME/other/AD/tmp/ad-neurocomputing/extracted/mvtec/screw/train/good/147.png
mvtec,screw,4,0,2,/home/crl/MoME/other/AD/tmp/ad-neurocomputing/extracted/mvtec/screw/train/good/230.png
mvtec,screw,4,0,3,/home/crl/MoME/other/AD/tmp/ad-neurocomputing/extracted/mvtec/screw/train/good/310.png
mvtec,screw,4,1,0,/home/crl/MoME/other/AD/tmp/ad-neurocomputing/extracted/mvtec/screw/train/good/009.png
mvtec,screw,4,1,1,/home/crl/MoME/other/AD/tmp/ad-neurocomputing/extracted/mvtec/screw/train/good/138.png
mvtec,screw,4,1,2,/home/crl/MoME/other/AD/tmp/ad-neurocomputing/extracted/mvtec/screw/train/good/183.png
mvtec,screw,4,1,3,/home/crl/MoME/other/AD/tmp/ad-neurocomputing/extracted/mvtec/screw/train/good/276.png
mvtec,screw,4,2,0,/home/crl/MoME/other/AD/tmp/ad-neurocomputing/extracted/mvtec/screw/train/good/166.png
mvtec,screw,4,2,1,/home/crl/MoME/other/AD/tmp/ad-neurocomputing/extracted/mvtec/screw/train/good/196.png
mvtec,screw,4,2,2,/home/crl/MoME/other/AD/tmp/ad-neurocomputing/extracted/mvtec/screw/train/good/209.png
mvtec,screw,4,2,3,/home/crl/MoME/other/AD/tmp/ad-neurocomputing/extracted/mvtec/screw/train/good/238.png
mvtec,screw,4,3,0,/home/crl/MoME/other/AD/tmp/ad-neurocomputing/extracted/mvtec/screw/train/good/065.png
mvtec,screw,4,3,1,/home/crl/MoME/other/AD/tmp/ad-neurocomputing/extracted/mvtec/screw/train/good/131.png
mvtec,screw,4,3,2,/home/crl/MoME/other/AD/tmp/ad-neurocomputing/extracted/mvtec/screw/train/good/171.png
mvtec,screw,4,3,3,/home/crl/MoME/other/AD/tmp/ad-neurocomputing/extracted/mvtec/screw/train/good/188.png
mvtec,screw,4,4,0,/home/crl/MoME/other/AD/tmp/ad-neurocomputing/extracted/mvtec/screw/train/good/102.png
mvtec,screw,4,4,1,/home/crl/MoME/other/AD/tmp/ad-neurocomputing/extracted/mvtec/screw/train/good/142.png
mvtec,screw,4,4,2,/home/crl/MoME/other/AD/tmp/ad-neurocomputing/extracted/mvtec/screw/train/good/184.png
mvtec,screw,4,4,3,/home/crl/MoME/other/AD/tmp/ad-neurocomputing/extracted/mvtec/screw/train/good/206.png
mvtec,screw,8,0,0,/home/crl/MoME/other/AD/tmp/ad-neurocomputing/extracted/mvtec/screw/train/good/018.png
mvtec,screw,8,0,1,/home/crl/MoME/other/AD/tmp/ad-neurocomputing/extracted/mvtec/screw/train/good/147.png
mvtec,screw,8,0,2,/home/crl/MoME/other/AD/tmp/ad-neurocomputing/extracted/mvtec/screw/train/good/159.png
mvtec,screw,8,0,3,/home/crl/MoME/other/AD/tmp/ad-neurocomputing/extracted/mvtec/screw/train/good/203.png
mvtec,screw,8,0,4,/home/crl/MoME/other/AD/tmp/ad-neurocomputing/extracted/mvtec/screw/train/good/219.png
mvtec,screw,8,0,5,/home/crl/MoME/other/AD/tmp/ad-neurocomputing/extracted/mvtec/screw/train/good/230.png
mvtec,screw,8,0,6,/home/crl/MoME/other/AD/tmp/ad-neurocomputing/extracted/mvtec/screw/train/good/247.png
mvtec,screw,8,0,7,/home/crl/MoME/other/AD/tmp/ad-neurocomputing/extracted/mvtec/screw/train/good/310.png
mvtec,screw,8,1,0,/home/crl/MoME/other/AD/tmp/ad-neurocomputing/extracted/mvtec/screw/train/good/009.png
mvtec,screw,8,1,1,/home/crl/MoME/other/AD/tmp/ad-neurocomputing/extracted/mvtec/screw/train/good/078.png
mvtec,screw,8,1,2,/home/crl/MoME/other/AD/tmp/ad-neurocomputing/extracted/mvtec/screw/train/good/081.png
mvtec,screw,8,1,3,/home/crl/MoME/other/AD/tmp/ad-neurocomputing/extracted/mvtec/screw/train/good/103.png
mvtec,screw,8,1,4,/home/crl/MoME/other/AD/tmp/ad-neurocomputing/extracted/mvtec/screw/train/good/138.png
mvtec,screw,8,1,5,/home/crl/MoME/other/AD/tmp/ad-neurocomputing/extracted/mvtec/screw/train/good/183.png
mvtec,screw,8,1,6,/home/crl/MoME/other/AD/tmp/ad-neurocomputing/extracted/mvtec/screw/train/good/230.png
mvtec,screw,8,1,7,/home/crl/MoME/other/AD/tmp/ad-neurocomputing/extracted/mvtec/screw/train/good/276.png
mvtec,screw,8,2,0,/home/crl/MoME/other/AD/tmp/ad-neurocomputing/extracted/mvtec/screw/train/good/023.png
mvtec,screw,8,2,1,/home/crl/MoME/other/AD/tmp/ad-neurocomputing/extracted/mvtec/screw/train/good/166.png
mvtec,screw,8,2,2,/home/crl/MoME/other/AD/tmp/ad-neurocomputing/extracted/mvtec/screw/train/good/172.png
mvtec,screw,8,2,3,/home/crl/MoME/other/AD/tmp/ad-neurocomputing/extracted/mvtec/screw/train/good/196.png
mvtec,screw,8,2,4,/home/crl/MoME/other/AD/tmp/ad-neurocomputing/extracted/mvtec/screw/train/good/209.png
mvtec,screw,8,2,5,/home/crl/MoME/other/AD/tmp/ad-neurocomputing/extracted/mvtec/screw/train/good/222.png
mvtec,screw,8,2,6,/home/crl/MoME/other/AD/tmp/ad-neurocomputing/extracted/mvtec/screw/train/good/238.png
mvtec,screw,8,2,7,/home/crl/MoME/other/AD/tmp/ad-neurocomputing/extracted/mvtec/screw/train/good/272.png
mvtec,screw,8,3,0,/home/crl/MoME/other/AD/tmp/ad-neurocomputing/extracted/mvtec/screw/train/good/065.png
mvtec,screw,8,3,1,/home/crl/MoME/other/AD/tmp/ad-neurocomputing/extracted/mvtec/screw/train/good/094.png
mvtec,screw,8,3,2,/home/crl/MoME/other/AD/tmp/ad-neurocomputing/extracted/mvtec/screw/train/good/124.png
mvtec,screw,8,3,3,/home/crl/MoME/other/AD/tmp/ad-neurocomputing/extracted/mvtec/screw/train/good/131.png
mvtec,screw,8,3,4,/home/crl/MoME/other/AD/tmp/ad-neurocomputing/extracted/mvtec/screw/train/good/166.png
mvtec,screw,8,3,5,/home/crl/MoME/other/AD/tmp/ad-neurocomputing/extracted/mvtec/screw/train/good/171.png
mvtec,screw,8,3,6,/home/crl/MoME/other/AD/tmp/ad-neurocomputing/extracted/mvtec/screw/train/good/188.png
mvtec,screw,8,3,7,/home/crl/MoME/other/AD/tmp/ad-neurocomputing/extracted/mvtec/screw/train/good/257.png
mvtec,screw,8,4,0,/home/crl/MoME/other/AD/tmp/ad-neurocomputing/extracted/mvtec/screw/train/good/079.png
mvtec,screw,8,4,1,/home/crl/MoME/other/AD/tmp/ad-neurocomputing/extracted/mvtec/screw/train/good/102.png
mvtec,screw,8,4,2,/home/crl/MoME/other/AD/tmp/ad-neurocomputing/extracted/mvtec/screw/train/good/142.png
mvtec,screw,8,4,3,/home/crl/MoME/other/AD/tmp/ad-neurocomputing/extracted/mvtec/screw/train/good/177.png
mvtec,screw,8,4,4,/home/crl/MoME/other/AD/tmp/ad-neurocomputing/extracted/mvtec/screw/train/good/184.png
mvtec,screw,8,4,5,/home/crl/MoME/other/AD/tmp/ad-neurocomputing/extracted/mvtec/screw/train/good/187.png
mvtec,screw,8,4,6,/home/crl/MoME/other/AD/tmp/ad-neurocomputing/extracted/mvtec/screw/train/good/206.png
mvtec,screw,8,4,7,/home/crl/MoME/other/AD/tmp/ad-neurocomputing/extracted/mvtec/screw/train/good/227.png
mvtec,tile,1,0,0,/home/crl/MoME/other/AD/tmp/ad-neurocomputing/extracted/mvtec/tile/train/good/036.png
mvtec,tile,1,1,0,/home/crl/MoME/other/AD/tmp/ad-neurocomputing/extracted/mvtec/tile/train/good/135.png
mvtec,tile,1,2,0,/home/crl/MoME/other/AD/tmp/ad-neurocomputing/extracted/mvtec/tile/train/good/011.png
mvtec,tile,1,3,0,/home/crl/MoME/other/AD/tmp/ad-neurocomputing/extracted/mvtec/tile/train/good/169.png
mvtec,tile,1,4,0,/home/crl/MoME/other/AD/tmp/ad-neurocomputing/extracted/mvtec/tile/train/good/223.png
mvtec,tile,2,0,0,/home/crl/MoME/other/AD/tmp/ad-neurocomputing/extracted/mvtec/tile/train/good/036.png
mvtec,tile,2,0,1,/home/crl/MoME/other/AD/tmp/ad-neurocomputing/extracted/mvtec/tile/train/good/218.png
mvtec,tile,2,1,0,/home/crl/MoME/other/AD/tmp/ad-neurocomputing/extracted/mvtec/tile/train/good/126.png
mvtec,tile,2,1,1,/home/crl/MoME/other/AD/tmp/ad-neurocomputing/extracted/mvtec/tile/train/good/135.png
mvtec,tile,2,2,0,/home/crl/MoME/other/AD/tmp/ad-neurocomputing/extracted/mvtec/tile/train/good/011.png
mvtec,tile,2,2,1,/home/crl/MoME/other/AD/tmp/ad-neurocomputing/extracted/mvtec/tile/train/good/153.png
mvtec,tile,2,3,0,/home/crl/MoME/other/AD/tmp/ad-neurocomputing/extracted/mvtec/tile/train/good/142.png
mvtec,tile,2,3,1,/home/crl/MoME/other/AD/tmp/ad-neurocomputing/extracted/mvtec/tile/train/good/169.png
mvtec,tile,2,4,0,/home/crl/MoME/other/AD/tmp/ad-neurocomputing/extracted/mvtec/tile/train/good/177.png
mvtec,tile,2,4,1,/home/crl/MoME/other/AD/tmp/ad-neurocomputing/extracted/mvtec/tile/train/good/223.png
mvtec,tile,4,0,0,/home/crl/MoME/other/AD/tmp/ad-neurocomputing/extracted/mvtec/tile/train/good/036.png
mvtec,tile,4,0,1,/home/crl/MoME/other/AD/tmp/ad-neurocomputing/extracted/mvtec/tile/train/good/103.png
mvtec,tile,4,0,2,/home/crl/MoME/other/AD/tmp/ad-neurocomputing/extracted/mvtec/tile/train/good/161.png
mvtec,tile,4,0,3,/home/crl/MoME/other/AD/tmp/ad-neurocomputing/extracted/mvtec/tile/train/good/218.png
mvtec,tile,4,1,0,/home/crl/MoME/other/AD/tmp/ad-neurocomputing/extracted/mvtec/tile/train/good/013.png
mvtec,tile,4,1,1,/home/crl/MoME/other/AD/tmp/ad-neurocomputing/extracted/mvtec/tile/train/good/126.png
mvtec,tile,4,1,2,/home/crl/MoME/other/AD/tmp/ad-neurocomputing/extracted/mvtec/tile/train/good/135.png
mvtec,tile,4,1,3,/home/crl/MoME/other/AD/tmp/ad-neurocomputing/extracted/mvtec/tile/train/good/151.png
mvtec,tile,4,2,0,/home/crl/MoME/other/AD/tmp/ad-neurocomputing/extracted/mvtec/tile/train/good/011.png
mvtec,tile,4,2,1,/home/crl/MoME/other/AD/tmp/ad-neurocomputing/extracted/mvtec/tile/train/good/039.png
mvtec,tile,4,2,2,/home/crl/MoME/other/AD/tmp/ad-neurocomputing/extracted/mvtec/tile/train/good/112.png
mvtec,tile,4,2,3,/home/crl/MoME/other/AD/tmp/ad-neurocomputing/extracted/mvtec/tile/train/good/153.png
mvtec,tile,4,3,0,/home/crl/MoME/other/AD/tmp/ad-neurocomputing/extracted/mvtec/tile/train/good/023.png
mvtec,tile,4,3,1,/home/crl/MoME/other/AD/tmp/ad-neurocomputing/extracted/mvtec/tile/train/good/142.png
mvtec,tile,4,3,2,/home/crl/MoME/other/AD/tmp/ad-neurocomputing/extracted/mvtec/tile/train/good/151.png
mvtec,tile,4,3,3,/home/crl/MoME/other/AD/tmp/ad-neurocomputing/extracted/mvtec/tile/train/good/169.png
mvtec,tile,4,4,0,/home/crl/MoME/other/AD/tmp/ad-neurocomputing/extracted/mvtec/tile/train/good/077.png
mvtec,tile,4,4,1,/home/crl/MoME/other/AD/tmp/ad-neurocomputing/extracted/mvtec/tile/train/good/151.png
mvtec,tile,4,4,2,/home/crl/MoME/other/AD/tmp/ad-neurocomputing/extracted/mvtec/tile/train/good/177.png
mvtec,tile,4,4,3,/home/crl/MoME/other/AD/tmp/ad-neurocomputing/extracted/mvtec/tile/train/good/223.png
mvtec,tile,8,0,0,/home/crl/MoME/other/AD/tmp/ad-neurocomputing/extracted/mvtec/tile/train/good/000.png
mvtec,tile,8,0,1,/home/crl/MoME/other/AD/tmp/ad-neurocomputing/extracted/mvtec/tile/train/good/036.png
mvtec,tile,8,0,2,/home/crl/MoME/other/AD/tmp/ad-neurocomputing/extracted/mvtec/tile/train/good/084.png
mvtec,tile,8,0,3,/home/crl/MoME/other/AD/tmp/ad-neurocomputing/extracted/mvtec/tile/train/good/098.png
mvtec,tile,8,0,4,/home/crl/MoME/other/AD/tmp/ad-neurocomputing/extracted/mvtec/tile/train/good/103.png
mvtec,tile,8,0,5,/home/crl/MoME/other/AD/tmp/ad-neurocomputing/extracted/mvtec/tile/train/good/161.png
mvtec,tile,8,0,6,/home/crl/MoME/other/AD/tmp/ad-neurocomputing/extracted/mvtec/tile/train/good/218.png
mvtec,tile,8,0,7,/home/crl/MoME/other/AD/tmp/ad-neurocomputing/extracted/mvtec/tile/train/good/227.png
mvtec,tile,8,1,0,/home/crl/MoME/other/AD/tmp/ad-neurocomputing/extracted/mvtec/tile/train/good/007.png
mvtec,tile,8,1,1,/home/crl/MoME/other/AD/tmp/ad-neurocomputing/extracted/mvtec/tile/train/good/013.png
mvtec,tile,8,1,2,/home/crl/MoME/other/AD/tmp/ad-neurocomputing/extracted/mvtec/tile/train/good/021.png
mvtec,tile,8,1,3,/home/crl/MoME/other/AD/tmp/ad-neurocomputing/extracted/mvtec/tile/train/good/087.png
mvtec,tile,8,1,4,/home/crl/MoME/other/AD/tmp/ad-neurocomputing/extracted/mvtec/tile/train/good/126.png
mvtec,tile,8,1,5,/home/crl/MoME/other/AD/tmp/ad-neurocomputing/extracted/mvtec/tile/train/good/135.png
mvtec,tile,8,1,6,/home/crl/MoME/other/AD/tmp/ad-neurocomputing/extracted/mvtec/tile/train/good/151.png
mvtec,tile,8,1,7,/home/crl/MoME/other/AD/tmp/ad-neurocomputing/extracted/mvtec/tile/train/good/152.png
mvtec,tile,8,2,0,/home/crl/MoME/other/AD/tmp/ad-neurocomputing/extracted/mvtec/tile/train/good/011.png
mvtec,tile,8,2,1,/home/crl/MoME/other/AD/tmp/ad-neurocomputing/extracted/mvtec/tile/train/good/039.png
mvtec,tile,8,2,2,/home/crl/MoME/other/AD/tmp/ad-neurocomputing/extracted/mvtec/tile/train/good/048.png
mvtec,tile,8,2,3,/home/crl/MoME/other/AD/tmp/ad-neurocomputing/extracted/mvtec/tile/train/good/067.png
mvtec,tile,8,2,4,/home/crl/MoME/other/AD/tmp/ad-neurocomputing/extracted/mvtec/tile/train/good/112.png
mvtec,tile,8,2,5,/home/crl/MoME/other/AD/tmp/ad-neurocomputing/extracted/mvtec/tile/train/good/153.png
mvtec,tile,8,2,6,/home/crl/MoME/other/AD/tmp/ad-neurocomputing/extracted/mvtec/tile/train/good/216.png
mvtec,tile,8,2,7,/home/crl/MoME/other/AD/tmp/ad-neurocomputing/extracted/mvtec/tile/train/good/222.png
mvtec,tile,8,3,0,/home/crl/MoME/other/AD/tmp/ad-neurocomputing/extracted/mvtec/tile/train/good/023.png
mvtec,tile,8,3,1,/home/crl/MoME/other/AD/tmp/ad-neurocomputing/extracted/mvtec/tile/train/good/024.png
mvtec,tile,8,3,2,/home/crl/MoME/other/AD/tmp/ad-neurocomputing/extracted/mvtec/tile/train/good/142.png
mvtec,tile,8,3,3,/home/crl/MoME/other/AD/tmp/ad-neurocomputing/extracted/mvtec/tile/train/good/151.png
mvtec,tile,8,3,4,/home/crl/MoME/other/AD/tmp/ad-neurocomputing/extracted/mvtec/tile/train/good/169.png
mvtec,tile,8,3,5,/home/crl/MoME/other/AD/tmp/ad-neurocomputing/extracted/mvtec/tile/train/good/177.png
mvtec,tile,8,3,6,/home/crl/MoME/other/AD/tmp/ad-neurocomputing/extracted/mvtec/tile/train/good/210.png
mvtec,tile,8,3,7,/home/crl/MoME/other/AD/tmp/ad-neurocomputing/extracted/mvtec/tile/train/good/219.png
mvtec,tile,8,4,0,/home/crl/MoME/other/AD/tmp/ad-neurocomputing/extracted/mvtec/tile/train/good/035.png
mvtec,tile,8,4,1,/home/crl/MoME/other/AD/tmp/ad-neurocomputing/extracted/mvtec/tile/train/good/077.png
mvtec,tile,8,4,2,/home/crl/MoME/other/AD/tmp/ad-neurocomputing/extracted/mvtec/tile/train/good/107.png
mvtec,tile,8,4,3,/home/crl/MoME/other/AD/tmp/ad-neurocomputing/extracted/mvtec/tile/train/good/142.png
mvtec,tile,8,4,4,/home/crl/MoME/other/AD/tmp/ad-neurocomputing/extracted/mvtec/tile/train/good/151.png
mvtec,tile,8,4,5,/home/crl/MoME/other/AD/tmp/ad-neurocomputing/extracted/mvtec/tile/train/good/177.png
mvtec,tile,8,4,6,/home/crl/MoME/other/AD/tmp/ad-neurocomputing/extracted/mvtec/tile/train/good/223.png
mvtec,tile,8,4,7,/home/crl/MoME/other/AD/tmp/ad-neurocomputing/extracted/mvtec/tile/train/good/224.png
mvtec,toothbrush,1,0,0,/home/crl/MoME/other/AD/tmp/ad-neurocomputing/extracted/mvtec/toothbrush/train/good/016.png
mvtec,toothbrush,1,1,0,/home/crl/MoME/other/AD/tmp/ad-neurocomputing/extracted/mvtec/toothbrush/train/good/058.png
mvtec,toothbrush,1,2,0,/home/crl/MoME/other/AD/tmp/ad-neurocomputing/extracted/mvtec/toothbrush/train/good/043.png
mvtec,toothbrush,1,3,0,/home/crl/MoME/other/AD/tmp/ad-neurocomputing/extracted/mvtec/toothbrush/train/good/022.png
mvtec,toothbrush,1,4,0,/home/crl/MoME/other/AD/tmp/ad-neurocomputing/extracted/mvtec/toothbrush/train/good/059.png
mvtec,toothbrush,2,0,0,/home/crl/MoME/other/AD/tmp/ad-neurocomputing/extracted/mvtec/toothbrush/train/good/016.png
mvtec,toothbrush,2,0,1,/home/crl/MoME/other/AD/tmp/ad-neurocomputing/extracted/mvtec/toothbrush/train/good/027.png
mvtec,toothbrush,2,1,0,/home/crl/MoME/other/AD/tmp/ad-neurocomputing/extracted/mvtec/toothbrush/train/good/025.png
mvtec,toothbrush,2,1,1,/home/crl/MoME/other/AD/tmp/ad-neurocomputing/extracted/mvtec/toothbrush/train/good/058.png
mvtec,toothbrush,2,2,0,/home/crl/MoME/other/AD/tmp/ad-neurocomputing/extracted/mvtec/toothbrush/train/good/043.png
mvtec,toothbrush,2,2,1,/home/crl/MoME/other/AD/tmp/ad-neurocomputing/extracted/mvtec/toothbrush/train/good/053.png
mvtec,toothbrush,2,3,0,/home/crl/MoME/other/AD/tmp/ad-neurocomputing/extracted/mvtec/toothbrush/train/good/000.png
mvtec,toothbrush,2,3,1,/home/crl/MoME/other/AD/tmp/ad-neurocomputing/extracted/mvtec/toothbrush/train/good/022.png
mvtec,toothbrush,2,4,0,/home/crl/MoME/other/AD/tmp/ad-neurocomputing/extracted/mvtec/toothbrush/train/good/048.png
mvtec,toothbrush,2,4,1,/home/crl/MoME/other/AD/tmp/ad-neurocomputing/extracted/mvtec/toothbrush/train/good/059.png
mvtec,toothbrush,4,0,0,/home/crl/MoME/other/AD/tmp/ad-neurocomputing/extracted/mvtec/toothbrush/train/good/008.png
mvtec,toothbrush,4,0,1,/home/crl/MoME/other/AD/tmp/ad-neurocomputing/extracted/mvtec/toothbrush/train/good/016.png
mvtec,toothbrush,4,0,2,/home/crl/MoME/other/AD/tmp/ad-neurocomputing/extracted/mvtec/toothbrush/train/good/020.png
mvtec,toothbrush,4,0,3,/home/crl/MoME/other/AD/tmp/ad-neurocomputing/extracted/mvtec/toothbrush/train/good/027.png
mvtec,toothbrush,4,1,0,/home/crl/MoME/other/AD/tmp/ad-neurocomputing/extracted/mvtec/toothbrush/train/good/024.png
mvtec,toothbrush,4,1,1,/home/crl/MoME/other/AD/tmp/ad-neurocomputing/extracted/mvtec/toothbrush/train/good/025.png
mvtec,toothbrush,4,1,2,/home/crl/MoME/other/AD/tmp/ad-neurocomputing/extracted/mvtec/toothbrush/train/good/044.png
mvtec,toothbrush,4,1,3,/home/crl/MoME/other/AD/tmp/ad-neurocomputing/extracted/mvtec/toothbrush/train/good/058.png
mvtec,toothbrush,4,2,0,/home/crl/MoME/other/AD/tmp/ad-neurocomputing/extracted/mvtec/toothbrush/train/good/027.png
mvtec,toothbrush,4,2,1,/home/crl/MoME/other/AD/tmp/ad-neurocomputing/extracted/mvtec/toothbrush/train/good/043.png
mvtec,toothbrush,4,2,2,/home/crl/MoME/other/AD/tmp/ad-neurocomputing/extracted/mvtec/toothbrush/train/good/052.png
mvtec,toothbrush,4,2,3,/home/crl/MoME/other/AD/tmp/ad-neurocomputing/extracted/mvtec/toothbrush/train/good/053.png
mvtec,toothbrush,4,3,0,/home/crl/MoME/other/AD/tmp/ad-neurocomputing/extracted/mvtec/toothbrush/train/good/000.png
mvtec,toothbrush,4,3,1,/home/crl/MoME/other/AD/tmp/ad-neurocomputing/extracted/mvtec/toothbrush/train/good/003.png
mvtec,toothbrush,4,3,2,/home/crl/MoME/other/AD/tmp/ad-neurocomputing/extracted/mvtec/toothbrush/train/good/022.png
mvtec,toothbrush,4,3,3,/home/crl/MoME/other/AD/tmp/ad-neurocomputing/extracted/mvtec/toothbrush/train/good/038.png
mvtec,toothbrush,4,4,0,/home/crl/MoME/other/AD/tmp/ad-neurocomputing/extracted/mvtec/toothbrush/train/good/023.png
mvtec,toothbrush,4,4,1,/home/crl/MoME/other/AD/tmp/ad-neurocomputing/extracted/mvtec/toothbrush/train/good/048.png
mvtec,toothbrush,4,4,2,/home/crl/MoME/other/AD/tmp/ad-neurocomputing/extracted/mvtec/toothbrush/train/good/056.png
mvtec,toothbrush,4,4,3,/home/crl/MoME/other/AD/tmp/ad-neurocomputing/extracted/mvtec/toothbrush/train/good/059.png
mvtec,toothbrush,8,0,0,/home/crl/MoME/other/AD/tmp/ad-neurocomputing/extracted/mvtec/toothbrush/train/good/004.png
mvtec,toothbrush,8,0,1,/home/crl/MoME/other/AD/tmp/ad-neurocomputing/extracted/mvtec/toothbrush/train/good/008.png
mvtec,toothbrush,8,0,2,/home/crl/MoME/other/AD/tmp/ad-neurocomputing/extracted/mvtec/toothbrush/train/good/016.png
mvtec,toothbrush,8,0,3,/home/crl/MoME/other/AD/tmp/ad-neurocomputing/extracted/mvtec/toothbrush/train/good/020.png
mvtec,toothbrush,8,0,4,/home/crl/MoME/other/AD/tmp/ad-neurocomputing/extracted/mvtec/toothbrush/train/good/027.png
mvtec,toothbrush,8,0,5,/home/crl/MoME/other/AD/tmp/ad-neurocomputing/extracted/mvtec/toothbrush/train/good/034.png
mvtec,toothbrush,8,0,6,/home/crl/MoME/other/AD/tmp/ad-neurocomputing/extracted/mvtec/toothbrush/train/good/042.png
mvtec,toothbrush,8,0,7,/home/crl/MoME/other/AD/tmp/ad-neurocomputing/extracted/mvtec/toothbrush/train/good/051.png
mvtec,toothbrush,8,1,0,/home/crl/MoME/other/AD/tmp/ad-neurocomputing/extracted/mvtec/toothbrush/train/good/016.png
mvtec,toothbrush,8,1,1,/home/crl/MoME/other/AD/tmp/ad-neurocomputing/extracted/mvtec/toothbrush/train/good/024.png
mvtec,toothbrush,8,1,2,/home/crl/MoME/other/AD/tmp/ad-neurocomputing/extracted/mvtec/toothbrush/train/good/025.png
mvtec,toothbrush,8,1,3,/home/crl/MoME/other/AD/tmp/ad-neurocomputing/extracted/mvtec/toothbrush/train/good/027.png
mvtec,toothbrush,8,1,4,/home/crl/MoME/other/AD/tmp/ad-neurocomputing/extracted/mvtec/toothbrush/train/good/028.png
mvtec,toothbrush,8,1,5,/home/crl/MoME/other/AD/tmp/ad-neurocomputing/extracted/mvtec/toothbrush/train/good/031.png
mvtec,toothbrush,8,1,6,/home/crl/MoME/other/AD/tmp/ad-neurocomputing/extracted/mvtec/toothbrush/train/good/044.png
mvtec,toothbrush,8,1,7,/home/crl/MoME/other/AD/tmp/ad-neurocomputing/extracted/mvtec/toothbrush/train/good/058.png
mvtec,toothbrush,8,2,0,/home/crl/MoME/other/AD/tmp/ad-neurocomputing/extracted/mvtec/toothbrush/train/good/023.png
mvtec,toothbrush,8,2,1,/home/crl/MoME/other/AD/tmp/ad-neurocomputing/extracted/mvtec/toothbrush/train/good/027.png
mvtec,toothbrush,8,2,2,/home/crl/MoME/other/AD/tmp/ad-neurocomputing/extracted/mvtec/toothbrush/train/good/038.png
mvtec,toothbrush,8,2,3,/home/crl/MoME/other/AD/tmp/ad-neurocomputing/extracted/mvtec/toothbrush/train/good/043.png
mvtec,toothbrush,8,2,4,/home/crl/MoME/other/AD/tmp/ad-neurocomputing/extracted/mvtec/toothbrush/train/good/046.png
mvtec,toothbrush,8,2,5,/home/crl/MoME/other/AD/tmp/ad-neurocomputing/extracted/mvtec/toothbrush/train/good/047.png
mvtec,toothbrush,8,2,6,/home/crl/MoME/other/AD/tmp/ad-neurocomputing/extracted/mvtec/toothbrush/train/good/052.png
mvtec,toothbrush,8,2,7,/home/crl/MoME/other/AD/tmp/ad-neurocomputing/extracted/mvtec/toothbrush/train/good/053.png
mvtec,toothbrush,8,3,0,/home/crl/MoME/other/AD/tmp/ad-neurocomputing/extracted/mvtec/toothbrush/train/good/000.png
mvtec,toothbrush,8,3,1,/home/crl/MoME/other/AD/tmp/ad-neurocomputing/extracted/mvtec/toothbrush/train/good/002.png
mvtec,toothbrush,8,3,2,/home/crl/MoME/other/AD/tmp/ad-neurocomputing/extracted/mvtec/toothbrush/train/good/003.png
mvtec,toothbrush,8,3,3,/home/crl/MoME/other/AD/tmp/ad-neurocomputing/extracted/mvtec/toothbrush/train/good/017.png
mvtec,toothbrush,8,3,4,/home/crl/MoME/other/AD/tmp/ad-neurocomputing/extracted/mvtec/toothbrush/train/good/022.png
mvtec,toothbrush,8,3,5,/home/crl/MoME/other/AD/tmp/ad-neurocomputing/extracted/mvtec/toothbrush/train/good/037.png
mvtec,toothbrush,8,3,6,/home/crl/MoME/other/AD/tmp/ad-neurocomputing/extracted/mvtec/toothbrush/train/good/038.png
mvtec,toothbrush,8,3,7,/home/crl/MoME/other/AD/tmp/ad-neurocomputing/extracted/mvtec/toothbrush/train/good/039.png
mvtec,toothbrush,8,4,0,/home/crl/MoME/other/AD/tmp/ad-neurocomputing/extracted/mvtec/toothbrush/train/good/018.png
mvtec,toothbrush,8,4,1,/home/crl/MoME/other/AD/tmp/ad-neurocomputing/extracted/mvtec/toothbrush/train/good/023.png
mvtec,toothbrush,8,4,2,/home/crl/MoME/other/AD/tmp/ad-neurocomputing/extracted/mvtec/toothbrush/train/good/033.png
mvtec,toothbrush,8,4,3,/home/crl/MoME/other/AD/tmp/ad-neurocomputing/extracted/mvtec/toothbrush/train/good/036.png
mvtec,toothbrush,8,4,4,/home/crl/MoME/other/AD/tmp/ad-neurocomputing/extracted/mvtec/toothbrush/train/good/043.png
mvtec,toothbrush,8,4,5,/home/crl/MoME/other/AD/tmp/ad-neurocomputing/extracted/mvtec/toothbrush/train/good/048.png
mvtec,toothbrush,8,4,6,/home/crl/MoME/other/AD/tmp/ad-neurocomputing/extracted/mvtec/toothbrush/train/good/056.png
mvtec,toothbrush,8,4,7,/home/crl/MoME/other/AD/tmp/ad-neurocomputing/extracted/mvtec/toothbrush/train/good/059.png
mvtec,transistor,1,0,0,/home/crl/MoME/other/AD/tmp/ad-neurocomputing/extracted/mvtec/transistor/train/good/006.png
mvtec,transistor,1,1,0,/home/crl/MoME/other/AD/tmp/ad-neurocomputing/extracted/mvtec/transistor/train/good/117.png
mvtec,transistor,1,2,0,/home/crl/MoME/other/AD/tmp/ad-neurocomputing/extracted/mvtec/transistor/train/good/153.png
mvtec,transistor,1,3,0,/home/crl/MoME/other/AD/tmp/ad-neurocomputing/extracted/mvtec/transistor/train/good/087.png
mvtec,transistor,1,4,0,/home/crl/MoME/other/AD/tmp/ad-neurocomputing/extracted/mvtec/transistor/train/good/023.png
mvtec,transistor,2,0,0,/home/crl/MoME/other/AD/tmp/ad-neurocomputing/extracted/mvtec/transistor/train/good/006.png
mvtec,transistor,2,0,1,/home/crl/MoME/other/AD/tmp/ad-neurocomputing/extracted/mvtec/transistor/train/good/072.png
mvtec,transistor,2,1,0,/home/crl/MoME/other/AD/tmp/ad-neurocomputing/extracted/mvtec/transistor/train/good/096.png
mvtec,transistor,2,1,1,/home/crl/MoME/other/AD/tmp/ad-neurocomputing/extracted/mvtec/transistor/train/good/117.png
mvtec,transistor,2,2,0,/home/crl/MoME/other/AD/tmp/ad-neurocomputing/extracted/mvtec/transistor/train/good/011.png
mvtec,transistor,2,2,1,/home/crl/MoME/other/AD/tmp/ad-neurocomputing/extracted/mvtec/transistor/train/good/153.png
mvtec,transistor,2,3,0,/home/crl/MoME/other/AD/tmp/ad-neurocomputing/extracted/mvtec/transistor/train/good/087.png
mvtec,transistor,2,3,1,/home/crl/MoME/other/AD/tmp/ad-neurocomputing/extracted/mvtec/transistor/train/good/119.png
mvtec,transistor,2,4,0,/home/crl/MoME/other/AD/tmp/ad-neurocomputing/extracted/mvtec/transistor/train/good/023.png
mvtec,transistor,2,4,1,/home/crl/MoME/other/AD/tmp/ad-neurocomputing/extracted/mvtec/transistor/train/good/024.png
mvtec,transistor,4,0,0,/home/crl/MoME/other/AD/tmp/ad-neurocomputing/extracted/mvtec/transistor/train/good/006.png
mvtec,transistor,4,0,1,/home/crl/MoME/other/AD/tmp/ad-neurocomputing/extracted/mvtec/transistor/train/good/072.png
mvtec,transistor,4,0,2,/home/crl/MoME/other/AD/tmp/ad-neurocomputing/extracted/mvtec/transistor/train/good/074.png
mvtec,transistor,4,0,3,/home/crl/MoME/other/AD/tmp/ad-neurocomputing/extracted/mvtec/transistor/train/good/118.png
mvtec,transistor,4,1,0,/home/crl/MoME/other/AD/tmp/ad-neurocomputing/extracted/mvtec/transistor/train/good/001.png
mvtec,transistor,4,1,1,/home/crl/MoME/other/AD/tmp/ad-neurocomputing/extracted/mvtec/transistor/train/good/013.png
mvtec,transistor,4,1,2,/home/crl/MoME/other/AD/tmp/ad-neurocomputing/extracted/mvtec/transistor/train/good/096.png
mvtec,transistor,4,1,3,/home/crl/MoME/other/AD/tmp/ad-neurocomputing/extracted/mvtec/transistor/train/good/117.png
mvtec,transistor,4,2,0,/home/crl/MoME/other/AD/tmp/ad-neurocomputing/extracted/mvtec/transistor/train/good/011.png
mvtec,transistor,4,2,1,/home/crl/MoME/other/AD/tmp/ad-neurocomputing/extracted/mvtec/transistor/train/good/067.png
mvtec,transistor,4,2,2,/home/crl/MoME/other/AD/tmp/ad-neurocomputing/extracted/mvtec/transistor/train/good/089.png
mvtec,transistor,4,2,3,/home/crl/MoME/other/AD/tmp/ad-neurocomputing/extracted/mvtec/transistor/train/good/153.png
mvtec,transistor,4,3,0,/home/crl/MoME/other/AD/tmp/ad-neurocomputing/extracted/mvtec/transistor/train/good/087.png
mvtec,transistor,4,3,1,/home/crl/MoME/other/AD/tmp/ad-neurocomputing/extracted/mvtec/transistor/train/good/119.png
mvtec,transistor,4,3,2,/home/crl/MoME/other/AD/tmp/ad-neurocomputing/extracted/mvtec/transistor/train/good/193.png
mvtec,transistor,4,3,3,/home/crl/MoME/other/AD/tmp/ad-neurocomputing/extracted/mvtec/transistor/train/good/202.png
mvtec,transistor,4,4,0,/home/crl/MoME/other/AD/tmp/ad-neurocomputing/extracted/mvtec/transistor/train/good/023.png
mvtec,transistor,4,4,1,/home/crl/MoME/other/AD/tmp/ad-neurocomputing/extracted/mvtec/transistor/train/good/024.png
mvtec,transistor,4,4,2,/home/crl/MoME/other/AD/tmp/ad-neurocomputing/extracted/mvtec/transistor/train/good/046.png
mvtec,transistor,4,4,3,/home/crl/MoME/other/AD/tmp/ad-neurocomputing/extracted/mvtec/transistor/train/good/091.png
mvtec,transistor,8,0,0,/home/crl/MoME/other/AD/tmp/ad-neurocomputing/extracted/mvtec/transistor/train/good/006.png
mvtec,transistor,8,0,1,/home/crl/MoME/other/AD/tmp/ad-neurocomputing/extracted/mvtec/transistor/train/good/039.png
mvtec,transistor,8,0,2,/home/crl/MoME/other/AD/tmp/ad-neurocomputing/extracted/mvtec/transistor/train/good/072.png
mvtec,transistor,8,0,3,/home/crl/MoME/other/AD/tmp/ad-neurocomputing/extracted/mvtec/transistor/train/good/074.png
mvtec,transistor,8,0,4,/home/crl/MoME/other/AD/tmp/ad-neurocomputing/extracted/mvtec/transistor/train/good/118.png
mvtec,transistor,8,0,5,/home/crl/MoME/other/AD/tmp/ad-neurocomputing/extracted/mvtec/transistor/train/good/163.png
mvtec,transistor,8,0,6,/home/crl/MoME/other/AD/tmp/ad-neurocomputing/extracted/mvtec/transistor/train/good/189.png
mvtec,transistor,8,0,7,/home/crl/MoME/other/AD/tmp/ad-neurocomputing/extracted/mvtec/transistor/train/good/210.png
mvtec,transistor,8,1,0,/home/crl/MoME/other/AD/tmp/ad-neurocomputing/extracted/mvtec/transistor/train/good/001.png
mvtec,transistor,8,1,1,/home/crl/MoME/other/AD/tmp/ad-neurocomputing/extracted/mvtec/transistor/train/good/007.png
mvtec,transistor,8,1,2,/home/crl/MoME/other/AD/tmp/ad-neurocomputing/extracted/mvtec/transistor/train/good/013.png
mvtec,transistor,8,1,3,/home/crl/MoME/other/AD/tmp/ad-neurocomputing/extracted/mvtec/transistor/train/good/088.png
mvtec,transistor,8,1,4,/home/crl/MoME/other/AD/tmp/ad-neurocomputing/extracted/mvtec/transistor/train/good/096.png
mvtec,transistor,8,1,5,/home/crl/MoME/other/AD/tmp/ad-neurocomputing/extracted/mvtec/transistor/train/good/097.png
mvtec,transistor,8,1,6,/home/crl/MoME/other/AD/tmp/ad-neurocomputing/extracted/mvtec/transistor/train/good/117.png
mvtec,transistor,8,1,7,/home/crl/MoME/other/AD/tmp/ad-neurocomputing/extracted/mvtec/transistor/train/good/120.png
mvtec,transistor,8,2,0,/home/crl/MoME/other/AD/tmp/ad-neurocomputing/extracted/mvtec/transistor/train/good/011.png
mvtec,transistor,8,2,1,/home/crl/MoME/other/AD/tmp/ad-neurocomputing/extracted/mvtec/transistor/train/good/026.png
mvtec,transistor,8,2,2,/home/crl/MoME/other/AD/tmp/ad-neurocomputing/extracted/mvtec/transistor/train/good/061.png
mvtec,transistor,8,2,3,/home/crl/MoME/other/AD/tmp/ad-neurocomputing/extracted/mvtec/transistor/train/good/067.png
mvtec,transistor,8,2,4,/home/crl/MoME/other/AD/tmp/ad-neurocomputing/extracted/mvtec/transistor/train/good/069.png
mvtec,transistor,8,2,5,/home/crl/MoME/other/AD/tmp/ad-neurocomputing/extracted/mvtec/transistor/train/good/071.png
mvtec,transistor,8,2,6,/home/crl/MoME/other/AD/tmp/ad-neurocomputing/extracted/mvtec/transistor/train/good/089.png
mvtec,transistor,8,2,7,/home/crl/MoME/other/AD/tmp/ad-neurocomputing/extracted/mvtec/transistor/train/good/153.png
mvtec,transistor,8,3,0,/home/crl/MoME/other/AD/tmp/ad-neurocomputing/extracted/mvtec/transistor/train/good/042.png
mvtec,transistor,8,3,1,/home/crl/MoME/other/AD/tmp/ad-neurocomputing/extracted/mvtec/transistor/train/good/060.png
mvtec,transistor,8,3,2,/home/crl/MoME/other/AD/tmp/ad-neurocomputing/extracted/mvtec/transistor/train/good/087.png
mvtec,transistor,8,3,3,/home/crl/MoME/other/AD/tmp/ad-neurocomputing/extracted/mvtec/transistor/train/good/112.png
mvtec,transistor,8,3,4,/home/crl/MoME/other/AD/tmp/ad-neurocomputing/extracted/mvtec/transistor/train/good/119.png
mvtec,transistor,8,3,5,/home/crl/MoME/other/AD/tmp/ad-neurocomputing/extracted/mvtec/transistor/train/good/159.png
mvtec,transistor,8,3,6,/home/crl/MoME/other/AD/tmp/ad-neurocomputing/extracted/mvtec/transistor/train/good/193.png
mvtec,transistor,8,3,7,/home/crl/MoME/other/AD/tmp/ad-neurocomputing/extracted/mvtec/transistor/train/good/202.png
mvtec,transistor,8,4,0,/home/crl/MoME/other/AD/tmp/ad-neurocomputing/extracted/mvtec/transistor/train/good/023.png
mvtec,transistor,8,4,1,/home/crl/MoME/other/AD/tmp/ad-neurocomputing/extracted/mvtec/transistor/train/good/024.png
mvtec,transistor,8,4,2,/home/crl/MoME/other/AD/tmp/ad-neurocomputing/extracted/mvtec/transistor/train/good/046.png
mvtec,transistor,8,4,3,/home/crl/MoME/other/AD/tmp/ad-neurocomputing/extracted/mvtec/transistor/train/good/066.png
mvtec,transistor,8,4,4,/home/crl/MoME/other/AD/tmp/ad-neurocomputing/extracted/mvtec/transistor/train/good/079.png
mvtec,transistor,8,4,5,/home/crl/MoME/other/AD/tmp/ad-neurocomputing/extracted/mvtec/transistor/train/good/091.png
mvtec,transistor,8,4,6,/home/crl/MoME/other/AD/tmp/ad-neurocomputing/extracted/mvtec/transistor/train/good/151.png
mvtec,transistor,8,4,7,/home/crl/MoME/other/AD/tmp/ad-neurocomputing/extracted/mvtec/transistor/train/good/166.png
mvtec,wood,1,0,0,/home/crl/MoME/other/AD/tmp/ad-neurocomputing/extracted/mvtec/wood/train/good/102.png
mvtec,wood,1,1,0,/home/crl/MoME/other/AD/tmp/ad-neurocomputing/extracted/mvtec/wood/train/good/175.png
mvtec,wood,1,2,0,/home/crl/MoME/other/AD/tmp/ad-neurocomputing/extracted/mvtec/wood/train/good/011.png
mvtec,wood,1,3,0,/home/crl/MoME/other/AD/tmp/ad-neurocomputing/extracted/mvtec/wood/train/good/023.png
mvtec,wood,1,4,0,/home/crl/MoME/other/AD/tmp/ad-neurocomputing/extracted/mvtec/wood/train/good/137.png
mvtec,wood,2,0,0,/home/crl/MoME/other/AD/tmp/ad-neurocomputing/extracted/mvtec/wood/train/good/102.png
mvtec,wood,2,0,1,/home/crl/MoME/other/AD/tmp/ad-neurocomputing/extracted/mvtec/wood/train/good/173.png
mvtec,wood,2,1,0,/home/crl/MoME/other/AD/tmp/ad-neurocomputing/extracted/mvtec/wood/train/good/175.png
mvtec,wood,2,1,1,/home/crl/MoME/other/AD/tmp/ad-neurocomputing/extracted/mvtec/wood/train/good/219.png
mvtec,wood,2,2,0,/home/crl/MoME/other/AD/tmp/ad-neurocomputing/extracted/mvtec/wood/train/good/011.png
mvtec,wood,2,2,1,/home/crl/MoME/other/AD/tmp/ad-neurocomputing/extracted/mvtec/wood/train/good/048.png
mvtec,wood,2,3,0,/home/crl/MoME/other/AD/tmp/ad-neurocomputing/extracted/mvtec/wood/train/good/023.png
mvtec,wood,2,3,1,/home/crl/MoME/other/AD/tmp/ad-neurocomputing/extracted/mvtec/wood/train/good/173.png
mvtec,wood,2,4,0,/home/crl/MoME/other/AD/tmp/ad-neurocomputing/extracted/mvtec/wood/train/good/133.png
mvtec,wood,2,4,1,/home/crl/MoME/other/AD/tmp/ad-neurocomputing/extracted/mvtec/wood/train/good/137.png
mvtec,wood,4,0,0,/home/crl/MoME/other/AD/tmp/ad-neurocomputing/extracted/mvtec/wood/train/good/102.png
mvtec,wood,4,0,1,/home/crl/MoME/other/AD/tmp/ad-neurocomputing/extracted/mvtec/wood/train/good/173.png
mvtec,wood,4,0,2,/home/crl/MoME/other/AD/tmp/ad-neurocomputing/extracted/mvtec/wood/train/good/179.png
mvtec,wood,4,0,3,/home/crl/MoME/other/AD/tmp/ad-neurocomputing/extracted/mvtec/wood/train/good/244.png
mvtec,wood,4,1,0,/home/crl/MoME/other/AD/tmp/ad-neurocomputing/extracted/mvtec/wood/train/good/029.png
mvtec,wood,4,1,1,/home/crl/MoME/other/AD/tmp/ad-neurocomputing/extracted/mvtec/wood/train/good/172.png
mvtec,wood,4,1,2,/home/crl/MoME/other/AD/tmp/ad-neurocomputing/extracted/mvtec/wood/train/good/175.png
mvtec,wood,4,1,3,/home/crl/MoME/other/AD/tmp/ad-neurocomputing/extracted/mvtec/wood/train/good/219.png
mvtec,wood,4,2,0,/home/crl/MoME/other/AD/tmp/ad-neurocomputing/extracted/mvtec/wood/train/good/011.png
mvtec,wood,4,2,1,/home/crl/MoME/other/AD/tmp/ad-neurocomputing/extracted/mvtec/wood/train/good/048.png
mvtec,wood,4,2,2,/home/crl/MoME/other/AD/tmp/ad-neurocomputing/extracted/mvtec/wood/train/good/097.png
mvtec,wood,4,2,3,/home/crl/MoME/other/AD/tmp/ad-neurocomputing/extracted/mvtec/wood/train/good/182.png
mvtec,wood,4,3,0,/home/crl/MoME/other/AD/tmp/ad-neurocomputing/extracted/mvtec/wood/train/good/023.png
mvtec,wood,4,3,1,/home/crl/MoME/other/AD/tmp/ad-neurocomputing/extracted/mvtec/wood/train/good/099.png
mvtec,wood,4,3,2,/home/crl/MoME/other/AD/tmp/ad-neurocomputing/extracted/mvtec/wood/train/good/117.png
mvtec,wood,4,3,3,/home/crl/MoME/other/AD/tmp/ad-neurocomputing/extracted/mvtec/wood/train/good/173.png
mvtec,wood,4,4,0,/home/crl/MoME/other/AD/tmp/ad-neurocomputing/extracted/mvtec/wood/train/good/133.png
mvtec,wood,4,4,1,/home/crl/MoME/other/AD/tmp/ad-neurocomputing/extracted/mvtec/wood/train/good/137.png
mvtec,wood,4,4,2,/home/crl/MoME/other/AD/tmp/ad-neurocomputing/extracted/mvtec/wood/train/good/225.png
mvtec,wood,4,4,3,/home/crl/MoME/other/AD/tmp/ad-neurocomputing/extracted/mvtec/wood/train/good/229.png
mvtec,wood,8,0,0,/home/crl/MoME/other/AD/tmp/ad-neurocomputing/extracted/mvtec/wood/train/good/102.png
mvtec,wood,8,0,1,/home/crl/MoME/other/AD/tmp/ad-neurocomputing/extracted/mvtec/wood/train/good/109.png
mvtec,wood,8,0,2,/home/crl/MoME/other/AD/tmp/ad-neurocomputing/extracted/mvtec/wood/train/good/119.png
mvtec,wood,8,0,3,/home/crl/MoME/other/AD/tmp/ad-neurocomputing/extracted/mvtec/wood/train/good/173.png
mvtec,wood,8,0,4,/home/crl/MoME/other/AD/tmp/ad-neurocomputing/extracted/mvtec/wood/train/good/179.png
mvtec,wood,8,0,5,/home/crl/MoME/other/AD/tmp/ad-neurocomputing/extracted/mvtec/wood/train/good/205.png
mvtec,wood,8,0,6,/home/crl/MoME/other/AD/tmp/ad-neurocomputing/extracted/mvtec/wood/train/good/208.png
mvtec,wood,8,0,7,/home/crl/MoME/other/AD/tmp/ad-neurocomputing/extracted/mvtec/wood/train/good/244.png
mvtec,wood,8,1,0,/home/crl/MoME/other/AD/tmp/ad-neurocomputing/extracted/mvtec/wood/train/good/007.png
mvtec,wood,8,1,1,/home/crl/MoME/other/AD/tmp/ad-neurocomputing/extracted/mvtec/wood/train/good/029.png
mvtec,wood,8,1,2,/home/crl/MoME/other/AD/tmp/ad-neurocomputing/extracted/mvtec/wood/train/good/052.png
mvtec,wood,8,1,3,/home/crl/MoME/other/AD/tmp/ad-neurocomputing/extracted/mvtec/wood/train/good/059.png
mvtec,wood,8,1,4,/home/crl/MoME/other/AD/tmp/ad-neurocomputing/extracted/mvtec/wood/train/good/133.png
mvtec,wood,8,1,5,/home/crl/MoME/other/AD/tmp/ad-neurocomputing/extracted/mvtec/wood/train/good/172.png
mvtec,wood,8,1,6,/home/crl/MoME/other/AD/tmp/ad-neurocomputing/extracted/mvtec/wood/train/good/175.png
mvtec,wood,8,1,7,/home/crl/MoME/other/AD/tmp/ad-neurocomputing/extracted/mvtec/wood/train/good/219.png
mvtec,wood,8,2,0,/home/crl/MoME/other/AD/tmp/ad-neurocomputing/extracted/mvtec/wood/train/good/011.png
mvtec,wood,8,2,1,/home/crl/MoME/other/AD/tmp/ad-neurocomputing/extracted/mvtec/wood/train/good/048.png
mvtec,wood,8,2,2,/home/crl/MoME/other/AD/tmp/ad-neurocomputing/extracted/mvtec/wood/train/good/053.png
mvtec,wood,8,2,3,/home/crl/MoME/other/AD/tmp/ad-neurocomputing/extracted/mvtec/wood/train/good/097.png
mvtec,wood,8,2,4,/home/crl/MoME/other/AD/tmp/ad-neurocomputing/extracted/mvtec/wood/train/good/115.png
mvtec,wood,8,2,5,/home/crl/MoME/other/AD/tmp/ad-neurocomputing/extracted/mvtec/wood/train/good/174.png
mvtec,wood,8,2,6,/home/crl/MoME/other/AD/tmp/ad-neurocomputing/extracted/mvtec/wood/train/good/182.png
mvtec,wood,8,2,7,/home/crl/MoME/other/AD/tmp/ad-neurocomputing/extracted/mvtec/wood/train/good/199.png
mvtec,wood,8,3,0,/home/crl/MoME/other/AD/tmp/ad-neurocomputing/extracted/mvtec/wood/train/good/023.png
mvtec,wood,8,3,1,/home/crl/MoME/other/AD/tmp/ad-neurocomputing/extracted/mvtec/wood/train/good/072.png
mvtec,wood,8,3,2,/home/crl/MoME/other/AD/tmp/ad-neurocomputing/extracted/mvtec/wood/train/good/099.png
mvtec,wood,8,3,3,/home/crl/MoME/other/AD/tmp/ad-neurocomputing/extracted/mvtec/wood/train/good/117.png
mvtec,wood,8,3,4,/home/crl/MoME/other/AD/tmp/ad-neurocomputing/extracted/mvtec/wood/train/good/173.png
mvtec,wood,8,3,5,/home/crl/MoME/other/AD/tmp/ad-neurocomputing/extracted/mvtec/wood/train/good/189.png
mvtec,wood,8,3,6,/home/crl/MoME/other/AD/tmp/ad-neurocomputing/extracted/mvtec/wood/train/good/212.png
mvtec,wood,8,3,7,/home/crl/MoME/other/AD/tmp/ad-neurocomputing/extracted/mvtec/wood/train/good/230.png
mvtec,wood,8,4,0,/home/crl/MoME/other/AD/tmp/ad-neurocomputing/extracted/mvtec/wood/train/good/044.png
mvtec,wood,8,4,1,/home/crl/MoME/other/AD/tmp/ad-neurocomputing/extracted/mvtec/wood/train/good/093.png
mvtec,wood,8,4,2,/home/crl/MoME/other/AD/tmp/ad-neurocomputing/extracted/mvtec/wood/train/good/133.png
mvtec,wood,8,4,3,/home/crl/MoME/other/AD/tmp/ad-neurocomputing/extracted/mvtec/wood/train/good/137.png
mvtec,wood,8,4,4,/home/crl/MoME/other/AD/tmp/ad-neurocomputing/extracted/mvtec/wood/train/good/156.png
mvtec,wood,8,4,5,/home/crl/MoME/other/AD/tmp/ad-neurocomputing/extracted/mvtec/wood/train/good/216.png
mvtec,wood,8,4,6,/home/crl/MoME/other/AD/tmp/ad-neurocomputing/extracted/mvtec/wood/train/good/225.png
mvtec,wood,8,4,7,/home/crl/MoME/other/AD/tmp/ad-neurocomputing/extracted/mvtec/wood/train/good/229.png
mvtec,zipper,1,0,0,/home/crl/MoME/other/AD/tmp/ad-neurocomputing/extracted/mvtec/zipper/train/good/100.png
mvtec,zipper,1,1,0,/home/crl/MoME/other/AD/tmp/ad-neurocomputing/extracted/mvtec/zipper/train/good/134.png
mvtec,zipper,1,2,0,/home/crl/MoME/other/AD/tmp/ad-neurocomputing/extracted/mvtec/zipper/train/good/011.png
mvtec,zipper,1,3,0,/home/crl/MoME/other/AD/tmp/ad-neurocomputing/extracted/mvtec/zipper/train/good/023.png
mvtec,zipper,1,4,0,/home/crl/MoME/other/AD/tmp/ad-neurocomputing/extracted/mvtec/zipper/train/good/085.png
mvtec,zipper,2,0,0,/home/crl/MoME/other/AD/tmp/ad-neurocomputing/extracted/mvtec/zipper/train/good/100.png
mvtec,zipper,2,0,1,/home/crl/MoME/other/AD/tmp/ad-neurocomputing/extracted/mvtec/zipper/train/good/201.png
mvtec,zipper,2,1,0,/home/crl/MoME/other/AD/tmp/ad-neurocomputing/extracted/mvtec/zipper/train/good/134.png
mvtec,zipper,2,1,1,/home/crl/MoME/other/AD/tmp/ad-neurocomputing/extracted/mvtec/zipper/train/good/213.png
mvtec,zipper,2,2,0,/home/crl/MoME/other/AD/tmp/ad-neurocomputing/extracted/mvtec/zipper/train/good/011.png
mvtec,zipper,2,2,1,/home/crl/MoME/other/AD/tmp/ad-neurocomputing/extracted/mvtec/zipper/train/good/048.png
mvtec,zipper,2,3,0,/home/crl/MoME/other/AD/tmp/ad-neurocomputing/extracted/mvtec/zipper/train/good/023.png
mvtec,zipper,2,3,1,/home/crl/MoME/other/AD/tmp/ad-neurocomputing/extracted/mvtec/zipper/train/good/100.png
mvtec,zipper,2,4,0,/home/crl/MoME/other/AD/tmp/ad-neurocomputing/extracted/mvtec/zipper/train/good/037.png
mvtec,zipper,2,4,1,/home/crl/MoME/other/AD/tmp/ad-neurocomputing/extracted/mvtec/zipper/train/good/085.png
mvtec,zipper,4,0,0,/home/crl/MoME/other/AD/tmp/ad-neurocomputing/extracted/mvtec/zipper/train/good/100.png
mvtec,zipper,4,0,1,/home/crl/MoME/other/AD/tmp/ad-neurocomputing/extracted/mvtec/zipper/train/good/117.png
mvtec,zipper,4,0,2,/home/crl/MoME/other/AD/tmp/ad-neurocomputing/extracted/mvtec/zipper/train/good/201.png
mvtec,zipper,4,0,3,/home/crl/MoME/other/AD/tmp/ad-neurocomputing/extracted/mvtec/zipper/train/good/237.png
mvtec,zipper,4,1,0,/home/crl/MoME/other/AD/tmp/ad-neurocomputing/extracted/mvtec/zipper/train/good/029.png
mvtec,zipper,4,1,1,/home/crl/MoME/other/AD/tmp/ad-neurocomputing/extracted/mvtec/zipper/train/good/134.png
mvtec,zipper,4,1,2,/home/crl/MoME/other/AD/tmp/ad-neurocomputing/extracted/mvtec/zipper/train/good/182.png
mvtec,zipper,4,1,3,/home/crl/MoME/other/AD/tmp/ad-neurocomputing/extracted/mvtec/zipper/train/good/213.png
mvtec,zipper,4,2,0,/home/crl/MoME/other/AD/tmp/ad-neurocomputing/extracted/mvtec/zipper/train/good/011.png
mvtec,zipper,4,2,1,/home/crl/MoME/other/AD/tmp/ad-neurocomputing/extracted/mvtec/zipper/train/good/048.png
mvtec,zipper,4,2,2,/home/crl/MoME/other/AD/tmp/ad-neurocomputing/extracted/mvtec/zipper/train/good/116.png
mvtec,zipper,4,2,3,/home/crl/MoME/other/AD/tmp/ad-neurocomputing/extracted/mvtec/zipper/train/good/198.png
mvtec,zipper,4,3,0,/home/crl/MoME/other/AD/tmp/ad-neurocomputing/extracted/mvtec/zipper/train/good/023.png
mvtec,zipper,4,3,1,/home/crl/MoME/other/AD/tmp/ad-neurocomputing/extracted/mvtec/zipper/train/good/100.png
mvtec,zipper,4,3,2,/home/crl/MoME/other/AD/tmp/ad-neurocomputing/extracted/mvtec/zipper/train/good/121.png
mvtec,zipper,4,3,3,/home/crl/MoME/other/AD/tmp/ad-neurocomputing/extracted/mvtec/zipper/train/good/145.png
mvtec,zipper,4,4,0,/home/crl/MoME/other/AD/tmp/ad-neurocomputing/extracted/mvtec/zipper/train/good/037.png
mvtec,zipper,4,4,1,/home/crl/MoME/other/AD/tmp/ad-neurocomputing/extracted/mvtec/zipper/train/good/072.png
mvtec,zipper,4,4,2,/home/crl/MoME/other/AD/tmp/ad-neurocomputing/extracted/mvtec/zipper/train/good/085.png
mvtec,zipper,4,4,3,/home/crl/MoME/other/AD/tmp/ad-neurocomputing/extracted/mvtec/zipper/train/good/199.png
mvtec,zipper,8,0,0,/home/crl/MoME/other/AD/tmp/ad-neurocomputing/extracted/mvtec/zipper/train/good/100.png
mvtec,zipper,8,0,1,/home/crl/MoME/other/AD/tmp/ad-neurocomputing/extracted/mvtec/zipper/train/good/117.png
mvtec,zipper,8,0,2,/home/crl/MoME/other/AD/tmp/ad-neurocomputing/extracted/mvtec/zipper/train/good/153.png
mvtec,zipper,8,0,3,/home/crl/MoME/other/AD/tmp/ad-neurocomputing/extracted/mvtec/zipper/train/good/164.png
mvtec,zipper,8,0,4,/home/crl/MoME/other/AD/tmp/ad-neurocomputing/extracted/mvtec/zipper/train/good/199.png
mvtec,zipper,8,0,5,/home/crl/MoME/other/AD/tmp/ad-neurocomputing/extracted/mvtec/zipper/train/good/200.png
mvtec,zipper,8,0,6,/home/crl/MoME/other/AD/tmp/ad-neurocomputing/extracted/mvtec/zipper/train/good/201.png
mvtec,zipper,8,0,7,/home/crl/MoME/other/AD/tmp/ad-neurocomputing/extracted/mvtec/zipper/train/good/237.png
mvtec,zipper,8,1,0,/home/crl/MoME/other/AD/tmp/ad-neurocomputing/extracted/mvtec/zipper/train/good/007.png
mvtec,zipper,8,1,1,/home/crl/MoME/other/AD/tmp/ad-neurocomputing/extracted/mvtec/zipper/train/good/029.png
mvtec,zipper,8,1,2,/home/crl/MoME/other/AD/tmp/ad-neurocomputing/extracted/mvtec/zipper/train/good/052.png
mvtec,zipper,8,1,3,/home/crl/MoME/other/AD/tmp/ad-neurocomputing/extracted/mvtec/zipper/train/good/059.png
mvtec,zipper,8,1,4,/home/crl/MoME/other/AD/tmp/ad-neurocomputing/extracted/mvtec/zipper/train/good/099.png
mvtec,zipper,8,1,5,/home/crl/MoME/other/AD/tmp/ad-neurocomputing/extracted/mvtec/zipper/train/good/134.png
mvtec,zipper,8,1,6,/home/crl/MoME/other/AD/tmp/ad-neurocomputing/extracted/mvtec/zipper/train/good/182.png
mvtec,zipper,8,1,7,/home/crl/MoME/other/AD/tmp/ad-neurocomputing/extracted/mvtec/zipper/train/good/213.png
mvtec,zipper,8,2,0,/home/crl/MoME/other/AD/tmp/ad-neurocomputing/extracted/mvtec/zipper/train/good/011.png
mvtec,zipper,8,2,1,/home/crl/MoME/other/AD/tmp/ad-neurocomputing/extracted/mvtec/zipper/train/good/048.png
mvtec,zipper,8,2,2,/home/crl/MoME/other/AD/tmp/ad-neurocomputing/extracted/mvtec/zipper/train/good/053.png
mvtec,zipper,8,2,3,/home/crl/MoME/other/AD/tmp/ad-neurocomputing/extracted/mvtec/zipper/train/good/114.png
mvtec,zipper,8,2,4,/home/crl/MoME/other/AD/tmp/ad-neurocomputing/extracted/mvtec/zipper/train/good/116.png
mvtec,zipper,8,2,5,/home/crl/MoME/other/AD/tmp/ad-neurocomputing/extracted/mvtec/zipper/train/good/127.png
mvtec,zipper,8,2,6,/home/crl/MoME/other/AD/tmp/ad-neurocomputing/extracted/mvtec/zipper/train/good/170.png
mvtec,zipper,8,2,7,/home/crl/MoME/other/AD/tmp/ad-neurocomputing/extracted/mvtec/zipper/train/good/198.png
mvtec,zipper,8,3,0,/home/crl/MoME/other/AD/tmp/ad-neurocomputing/extracted/mvtec/zipper/train/good/023.png
mvtec,zipper,8,3,1,/home/crl/MoME/other/AD/tmp/ad-neurocomputing/extracted/mvtec/zipper/train/good/087.png
mvtec,zipper,8,3,2,/home/crl/MoME/other/AD/tmp/ad-neurocomputing/extracted/mvtec/zipper/train/good/100.png
mvtec,zipper,8,3,3,/home/crl/MoME/other/AD/tmp/ad-neurocomputing/extracted/mvtec/zipper/train/good/121.png
mvtec,zipper,8,3,4,/home/crl/MoME/other/AD/tmp/ad-neurocomputing/extracted/mvtec/zipper/train/good/136.png
mvtec,zipper,8,3,5,/home/crl/MoME/other/AD/tmp/ad-neurocomputing/extracted/mvtec/zipper/train/good/145.png
mvtec,zipper,8,3,6,/home/crl/MoME/other/AD/tmp/ad-neurocomputing/extracted/mvtec/zipper/train/good/170.png
mvtec,zipper,8,3,7,/home/crl/MoME/other/AD/tmp/ad-neurocomputing/extracted/mvtec/zipper/train/good/206.png
mvtec,zipper,8,4,0,/home/crl/MoME/other/AD/tmp/ad-neurocomputing/extracted/mvtec/zipper/train/good/037.png
mvtec,zipper,8,4,1,/home/crl/MoME/other/AD/tmp/ad-neurocomputing/extracted/mvtec/zipper/train/good/064.png
mvtec,zipper,8,4,2,/home/crl/MoME/other/AD/tmp/ad-neurocomputing/extracted/mvtec/zipper/train/good/072.png
mvtec,zipper,8,4,3,/home/crl/MoME/other/AD/tmp/ad-neurocomputing/extracted/mvtec/zipper/train/good/085.png
mvtec,zipper,8,4,4,/home/crl/MoME/other/AD/tmp/ad-neurocomputing/extracted/mvtec/zipper/train/good/150.png
mvtec,zipper,8,4,5,/home/crl/MoME/other/AD/tmp/ad-neurocomputing/extracted/mvtec/zipper/train/good/156.png
mvtec,zipper,8,4,6,/home/crl/MoME/other/AD/tmp/ad-neurocomputing/extracted/mvtec/zipper/train/good/187.png
mvtec,zipper,8,4,7,/home/crl/MoME/other/AD/tmp/ad-neurocomputing/extracted/mvtec/zipper/train/good/199.png
