dataset,class,k_shot,seed,support_index,image_path
visa,candle,1,0,0,/home/crl/MoME/other/AD/tmp/ad-neurocomputing/extracted/visa_raw/candle/Data/Images/Normal/0634.JPG
visa,candle,1,1,0,/home/crl/MoME/other/AD/tmp/ad-neurocomputing/extracted/visa_raw/candle/Data/Images/Normal/0889.JPG
visa,candle,1,2,0,/home/crl/MoME/other/AD/tmp/ad-neurocomputing/extracted/visa_raw/candle/Data/Images/Normal/0477.JPG
visa,candle,1,3,0,/home/crl/MoME/other/AD/tmp/ad-neurocomputing/extracted/visa_raw/candle/Data/Images/Normal/0854.JPG
visa,candle,1,4,0,/home/crl/MoME/other/AD/tmp/ad-neurocomputing/extracted/visa_raw/candle/Data/Images/Normal/0380.JPG
visa,candle,2,0,0,/home/crl/MoME/other/AD/tmp/ad-neurocomputing/extracted/visa_raw/candle/Data/Images/Normal/0634.JPG
visa,candle,2,0,1,/home/crl/MoME/other/AD/tmp/ad-neurocomputing/extracted/visa_raw/candle/Data/Images/Normal/0791.JPG
visa,candle,2,1,0,/home/crl/MoME/other/AD/tmp/ad-neurocomputing/extracted/visa_raw/candle/Data/Images/Normal/0291.JPG
visa,candle,2,1,1,/home/crl/MoME/other/AD/tmp/ad-neurocomputing/extracted/visa_raw/candle/Data/Images/Normal/0889.JPG
visa,candle,2,2,0,/home/crl/MoME/other/AD/tmp/ad-neurocomputing/extracted/visa_raw/candle/Data/Images/Normal/0429.JPG
visa,candle,2,2,1,/home/crl/MoME/other/AD/tmp/ad-neurocomputing/extracted/visa_raw/candle/Data/Images/Normal/0477.JPG
visa,candle,2,3,0,/home/crl/MoME/other/AD/tmp/ad-neurocomputing/extracted/visa_raw/candle/Data/Images/Normal/0440.JPG
visa,candle,2,3,1,/home/crl/MoME/other/AD/tmp/ad-neurocomputing/extracted/visa_raw/candle/Data/Images/Normal/0854.JPG
visa,candle,2,4,0,/home/crl/MoME/other/AD/tmp/ad-neurocomputing/extracted/visa_raw/candle/Data/Images/Normal/0380.JPG
visa,candle,2,4,1,/home/crl/MoME/other/AD/tmp/ad-neurocomputing/extracted/visa_raw/candle/Data/Images/Normal/0765.JPG
visa,candle,4,0,0,/home/crl/MoME/other/AD/tmp/ad-neurocomputing/extracted/visa_raw/candle/Data/Images/Normal/0634.JPG
visa,candle,4,0,1,/home/crl/MoME/other/AD/tmp/ad-neurocomputing/extracted/visa_raw/candle/Data/Images/Normal/0791.JPG
visa,candle,4,0,2,/home/crl/MoME/other/AD/tmp/ad-neurocomputing/extracted/visa_raw/candle/Data/Images/Normal/0855.JPG
visa,candle,4,0,3,/home/crl/MoME/other/AD/tmp/ad-neurocomputing/extracted/visa_raw/candle/Data/Images/Normal/0885.JPG
visa,candle,4,1,0,/home/crl/MoME/other/AD/tmp/ad-neurocomputing/extracted/visa_raw/candle/Data/Images/Normal/0163.JPG
visa,candle,4,1,1,/home/crl/MoME/other/AD/tmp/ad-neurocomputing/extracted/visa_raw/candle/Data/Images/Normal/0291.JPG
visa,candle,4,1,2,/home/crl/MoME/other/AD/tmp/ad-neurocomputing/extracted/visa_raw/candle/Data/Images/Normal/0822.JPG
visa,candle,4,1,3,/home/crl/MoME/other/AD/tmp/ad-neurocomputing/extracted/visa_raw/candle/Data/Images/Normal/0889.JPG
visa,candle,4,2,0,/home/crl/MoME/other/AD/tmp/ad-neurocomputing/extracted/visa_raw/candle/Data/Images/Normal/0243.JPG
visa,candle,4,2,1,/home/crl/MoME/other/AD/tmp/ad-neurocomputing/extracted/visa_raw/candle/Data/Images/Normal/0429.JPG
visa,candle,4,2,2,/home/crl/MoME/other/AD/tmp/ad-neurocomputing/extracted/visa_raw/candle/Data/Images/Normal/0477.JPG
visa,candle,4,2,3,/home/crl/MoME/other/AD/tmp/ad-neurocomputing/extracted/visa_raw/candle/Data/Images/Normal/0982.JPG
visa,candle,4,3,0,/home/crl/MoME/other/AD/tmp/ad-neurocomputing/extracted/visa_raw/candle/Data/Images/Normal/0112.JPG
visa,candle,4,3,1,/home/crl/MoME/other/AD/tmp/ad-neurocomputing/extracted/visa_raw/candle/Data/Images/Normal/0440.JPG
visa,candle,4,3,2,/home/crl/MoME/other/AD/tmp/ad-neurocomputing/extracted/visa_raw/candle/Data/Images/Normal/0831.JPG
visa,candle,4,3,3,/home/crl/MoME/other/AD/tmp/ad-neurocomputing/extracted/visa_raw/candle/Data/Images/Normal/0854.JPG
visa,candle,4,4,0,/home/crl/MoME/other/AD/tmp/ad-neurocomputing/extracted/visa_raw/candle/Data/Images/Normal/0380.JPG
visa,candle,4,4,1,/home/crl/MoME/other/AD/tmp/ad-neurocomputing/extracted/visa_raw/candle/Data/Images/Normal/0450.JPG
visa,candle,4,4,2,/home/crl/MoME/other/AD/tmp/ad-neurocomputing/extracted/visa_raw/candle/Data/Images/Normal/0765.JPG
visa,candle,4,4,3,/home/crl/MoME/other/AD/tmp/ad-neurocomputing/extracted/visa_raw/candle/Data/Images/Normal/0987.JPG
visa,candle,8,0,0,/home/crl/MoME/other/AD/tmp/ad-neurocomputing/extracted/visa_raw/candle/Data/Images/Normal/0042.JPG
visa,candle,8,0,1,/home/crl/MoME/other/AD/tmp/ad-neurocomputing/extracted/visa_raw/candle/Data/Images/Normal/0405.JPG
visa,candle,8,0,2,/home/crl/MoME/other/AD/tmp/ad-neurocomputing/extracted/visa_raw/candle/Data/Images/Normal/0504.JPG
visa,candle,8,0,3,/home/crl/MoME/other/AD/tmp/ad-neurocomputing/extracted/visa_raw/candle/Data/Images/Normal/0634.JPG
visa,candle,8,0,4,/home/crl/MoME/other/AD/tmp/ad-neurocomputing/extracted/visa_raw/candle/Data/Images/Normal/0791.JPG
visa,candle,8,0,5,/home/crl/MoME/other/AD/tmp/ad-neurocomputing/extracted/visa_raw/candle/Data/Images/Normal/0855.JPG
visa,candle,8,0,6,/home/crl/MoME/other/AD/tmp/ad-neurocomputing/extracted/visa_raw/candle/Data/Images/Normal/0885.JPG
visa,candle,8,0,7,/home/crl/MoME/other/AD/tmp/ad-neurocomputing/extracted/visa_raw/candle/Data/Images/Normal/0924.JPG
visa,candle,8,1,0,/home/crl/MoME/other/AD/tmp/ad-neurocomputing/extracted/visa_raw/candle/Data/Images/Normal/0163.JPG
visa,candle,8,1,1,/home/crl/MoME/other/AD/tmp/ad-neurocomputing/extracted/visa_raw/candle/Data/Images/Normal/0291.JPG
visa,candle,8,1,2,/home/crl/MoME/other/AD/tmp/ad-neurocomputing/extracted/visa_raw/candle/Data/Images/Normal/0503.JPG
visa,candle,8,1,3,/home/crl/MoME/other/AD/tmp/ad-neurocomputing/extracted/visa_raw/candle/Data/Images/Normal/0608.JPG
visa,candle,8,1,4,/home/crl/MoME/other/AD/tmp/ad-neurocomputing/extracted/visa_raw/candle/Data/Images/Normal/0822.JPG
visa,candle,8,1,5,/home/crl/MoME/other/AD/tmp/ad-neurocomputing/extracted/visa_raw/candle/Data/Images/Normal/0889.JPG
visa,candle,8,1,6,/home/crl/MoME/other/AD/tmp/ad-neurocomputing/extracted/visa_raw/candle/Data/Images/Normal/0933.JPG
visa,candle,8,1,7,/home/crl/MoME/other/AD/tmp/ad-neurocomputing/extracted/visa_raw/candle/Data/Images/Normal/0986.JPG
visa,candle,8,2,0,/home/crl/MoME/other/AD/tmp/ad-neurocomputing/extracted/visa_raw/candle/Data/Images/Normal/0000.JPG
visa,candle,8,2,1,/home/crl/MoME/other/AD/tmp/ad-neurocomputing/extracted/visa_raw/candle/Data/Images/Normal/0243.JPG
visa,candle,8,2,2,/home/crl/MoME/other/AD/tmp/ad-neurocomputing/extracted/visa_raw/candle/Data/Images/Normal/0429.JPG
visa,candle,8,2,3,/home/crl/MoME/other/AD/tmp/ad-neurocomputing/extracted/visa_raw/candle/Data/Images/Normal/0477.JPG
visa,candle,8,2,4,/home/crl/MoME/other/AD/tmp/ad-neurocomputing/extracted/visa_raw/candle/Data/Images/Normal/0478.JPG
visa,candle,8,2,5,/home/crl/MoME/other/AD/tmp/ad-neurocomputing/extracted/visa_raw/candle/Data/Images/Normal/0711.JPG
visa,candle,8,2,6,/home/crl/MoME/other/AD/tmp/ad-neurocomputing/extracted/visa_raw/candle/Data/Images/Normal/0786.JPG
visa,candle,8,2,7,/home/crl/MoME/other/AD/tmp/ad-neurocomputing/extracted/visa_raw/candle/Data/Images/Normal/0982.JPG
visa,candle,8,3,0,/home/crl/MoME/other/AD/tmp/ad-neurocomputing/extracted/visa_raw/candle/Data/Images/Normal/0109.JPG
visa,candle,8,3,1,/home/crl/MoME/other/AD/tmp/ad-neurocomputing/extracted/visa_raw/candle/Data/Images/Normal/0112.JPG
visa,candle,8,3,2,/home/crl/MoME/other/AD/tmp/ad-neurocomputing/extracted/visa_raw/candle/Data/Images/Normal/0165.JPG
visa,candle,8,3,3,/home/crl/MoME/other/AD/tmp/ad-neurocomputing/extracted/visa_raw/candle/Data/Images/Normal/0256.JPG
visa,candle,8,3,4,/home/crl/MoME/other/AD/tmp/ad-neurocomputing/extracted/visa_raw/candle/Data/Images/Normal/0308.JPG
visa,candle,8,3,5,/home/crl/MoME/other/AD/tmp/ad-neurocomputing/extracted/visa_raw/candle/Data/Images/Normal/0440.JPG
visa,candle,8,3,6,/home/crl/MoME/other/AD/tmp/ad-neurocomputing/extracted/visa_raw/candle/Data/Images/Normal/0831.JPG
visa,candle,8,3,7,/home/crl/MoME/other/AD/tmp/ad-neurocomputing/extracted/visa_raw/candle/Data/Images/Normal/0854.JPG
visa,candle,8,4,0,/home/crl/MoME/other/AD/tmp/ad-neurocomputing/extracted/visa_raw/candle/Data/Images/Normal/0113.JPG
visa,candle,8,4,1,/home/crl/MoME/other/AD/tmp/ad-neurocomputing/extracted/visa_raw/candle/Data/Images/Normal/0379.JPG
visa,candle,8,4,2,/home/crl/MoME/other/AD/tmp/ad-neurocomputing/extracted/visa_raw/candle/Data/Images/Normal/0380.JPG
visa,candle,8,4,3,/home/crl/MoME/other/AD/tmp/ad-neurocomputing/extracted/visa_raw/candle/Data/Images/Normal/0450.JPG
visa,candle,8,4,4,/home/crl/MoME/other/AD/tmp/ad-neurocomputing/extracted/visa_raw/candle/Data/Images/Normal/0536.JPG
visa,candle,8,4,5,/home/crl/MoME/other/AD/tmp/ad-neurocomputing/extracted/visa_raw/candle/Data/Images/Normal/0765.JPG
visa,candle,8,4,6,/home/crl/MoME/other/AD/tmp/ad-neurocomputing/extracted/visa_raw/candle/Data/Images/Normal/0861.JPG
visa,candle,8,4,7,/home/crl/MoME/other/AD/tmp/ad-neurocomputing/extracted/visa_raw/candle/Data/Images/Normal/0987.JPG
visa,capsules,1,0,0,/home/crl/MoME/other/AD/tmp/ad-neurocomputing/extracted/visa_raw/capsules/Data/Images/Normal/121.JPG
visa,capsules,1,1,0,/home/crl/MoME/other/AD/tmp/ad-neurocomputing/extracted/visa_raw/capsules/Data/Images/Normal/571.JPG
visa,capsules,1,2,0,/home/crl/MoME/other/AD/tmp/ad-neurocomputing/extracted/visa_raw/capsules/Data/Images/Normal/534.JPG
visa,capsules,1,3,0,/home/crl/MoME/other/AD/tmp/ad-neurocomputing/extracted/visa_raw/capsules/Data/Images/Normal/451.JPG
visa,capsules,1,4,0,/home/crl/MoME/other/AD/tmp/ad-neurocomputing/extracted/visa_raw/capsules/Data/Images/Normal/321.JPG
visa,capsules,2,0,0,/home/crl/MoME/other/AD/tmp/ad-neurocomputing/extracted/visa_raw/capsules/Data/Images/Normal/121.JPG
visa,capsules,2,0,1,/home/crl/MoME/other/AD/tmp/ad-neurocomputing/extracted/visa_raw/capsules/Data/Images/Normal/502.JPG
visa,capsules,2,1,0,/home/crl/MoME/other/AD/tmp/ad-neurocomputing/extracted/visa_raw/capsules/Data/Images/Normal/045.JPG
visa,capsules,2,1,1,/home/crl/MoME/other/AD/tmp/ad-neurocomputing/extracted/visa_raw/capsules/Data/Images/Normal/571.JPG
visa,capsules,2,2,0,/home/crl/MoME/other/AD/tmp/ad-neurocomputing/extracted/visa_raw/capsules/Data/Images/Normal/527.JPG
visa,capsules,2,2,1,/home/crl/MoME/other/AD/tmp/ad-neurocomputing/extracted/visa_raw/capsules/Data/Images/Normal/534.JPG
visa,capsules,2,3,0,/home/crl/MoME/other/AD/tmp/ad-neurocomputing/extracted/visa_raw/capsules/Data/Images/Normal/374.JPG
visa,capsules,2,3,1,/home/crl/MoME/other/AD/tmp/ad-neurocomputing/extracted/visa_raw/capsules/Data/Images/Normal/451.JPG
visa,capsules,2,4,0,/home/crl/MoME/other/AD/tmp/ad-neurocomputing/extracted/visa_raw/capsules/Data/Images/Normal/321.JPG
visa,capsules,2,4,1,/home/crl/MoME/other/AD/tmp/ad-neurocomputing/extracted/visa_raw/capsules/Data/Images/Normal/433.JPG
visa,capsules,4,0,0,/home/crl/MoME/other/AD/tmp/ad-neurocomputing/extracted/visa_raw/capsules/Data/Images/Normal/066.JPG
visa,capsules,4,0,1,/home/crl/MoME/other/AD/tmp/ad-neurocomputing/extracted/visa_raw/capsules/Data/Images/Normal/121.JPG
visa,capsules,4,0,2,/home/crl/MoME/other/AD/tmp/ad-neurocomputing/extracted/visa_raw/capsules/Data/Images/Normal/498.JPG
visa,capsules,4,0,3,/home/crl/MoME/other/AD/tmp/ad-neurocomputing/extracted/visa_raw/capsules/Data/Images/Normal/502.JPG
visa,capsules,4,1,0,/home/crl/MoME/other/AD/tmp/ad-neurocomputing/extracted/visa_raw/capsules/Data/Images/Normal/041.JPG
visa,capsules,4,1,1,/home/crl/MoME/other/AD/tmp/ad-neurocomputing/extracted/visa_raw/capsules/Data/Images/Normal/045.JPG
visa,capsules,4,1,2,/home/crl/MoME/other/AD/tmp/ad-neurocomputing/extracted/visa_raw/capsules/Data/Images/Normal/305.JPG
visa,capsules,4,1,3,/home/crl/MoME/other/AD/tmp/ad-neurocomputing/extracted/visa_raw/capsules/Data/Images/Normal/571.JPG
visa,capsules,4,2,0,/home/crl/MoME/other/AD/tmp/ad-neurocomputing/extracted/visa_raw/capsules/Data/Images/Normal/150.JPG
visa,capsules,4,2,1,/home/crl/MoME/other/AD/tmp/ad-neurocomputing/extracted/visa_raw/capsules/Data/Images/Normal/266.JPG
visa,capsules,4,2,2,/home/crl/MoME/other/AD/tmp/ad-neurocomputing/extracted/visa_raw/capsules/Data/Images/Normal/527.JPG
visa,capsules,4,2,3,/home/crl/MoME/other/AD/tmp/ad-neurocomputing/extracted/visa_raw/capsules/Data/Images/Normal/534.JPG
visa,capsules,4,3,0,/home/crl/MoME/other/AD/tmp/ad-neurocomputing/extracted/visa_raw/capsules/Data/Images/Normal/359.JPG
visa,capsules,4,3,1,/home/crl/MoME/other/AD/tmp/ad-neurocomputing/extracted/visa_raw/capsules/Data/Images/Normal/374.JPG
visa,capsules,4,3,2,/home/crl/MoME/other/AD/tmp/ad-neurocomputing/extracted/visa_raw/capsules/Data/Images/Normal/451.JPG
visa,capsules,4,3,3,/home/crl/MoME/other/AD/tmp/ad-neurocomputing/extracted/visa_raw/capsules/Data/Images/Normal/591.JPG
visa,capsules,4,4,0,/home/crl/MoME/other/AD/tmp/ad-neurocomputing/extracted/visa_raw/capsules/Data/Images/Normal/003.JPG
visa,capsules,4,4,1,/home/crl/MoME/other/AD/tmp/ad-neurocomputing/extracted/visa_raw/capsules/Data/Images/Normal/321.JPG
visa,capsules,4,4,2,/home/crl/MoME/other/AD/tmp/ad-neurocomputing/extracted/visa_raw/capsules/Data/Images/Normal/358.JPG
visa,capsules,4,4,3,/home/crl/MoME/other/AD/tmp/ad-neurocomputing/extracted/visa_raw/capsules/Data/Images/Normal/433.JPG
visa,capsules,8,0,0,/home/crl/MoME/other/AD/tmp/ad-neurocomputing/extracted/visa_raw/capsules/Data/Images/Normal/066.JPG
visa,capsules,8,0,1,/home/crl/MoME/other/AD/tmp/ad-neurocomputing/extracted/visa_raw/capsules/Data/Images/Normal/121.JPG
visa,capsules,8,0,2,/home/crl/MoME/other/AD/tmp/ad-neurocomputing/extracted/visa_raw/capsules/Data/Images/Normal/254.JPG
visa,capsules,8,0,3,/home/crl/MoME/other/AD/tmp/ad-neurocomputing/extracted/visa_raw/capsules/Data/Images/Normal/270.JPG
visa,capsules,8,0,4,/home/crl/MoME/other/AD/tmp/ad-neurocomputing/extracted/visa_raw/capsules/Data/Images/Normal/277.JPG
visa,capsules,8,0,5,/home/crl/MoME/other/AD/tmp/ad-neurocomputing/extracted/visa_raw/capsules/Data/Images/Normal/375.JPG
visa,capsules,8,0,6,/home/crl/MoME/other/AD/tmp/ad-neurocomputing/extracted/visa_raw/capsules/Data/Images/Normal/498.JPG
visa,capsules,8,0,7,/home/crl/MoME/other/AD/tmp/ad-neurocomputing/extracted/visa_raw/capsules/Data/Images/Normal/502.JPG
visa,capsules,8,1,0,/home/crl/MoME/other/AD/tmp/ad-neurocomputing/extracted/visa_raw/capsules/Data/Images/Normal/041.JPG
visa,capsules,8,1,1,/home/crl/MoME/other/AD/tmp/ad-neurocomputing/extracted/visa_raw/capsules/Data/Images/Normal/045.JPG
visa,capsules,8,1,2,/home/crl/MoME/other/AD/tmp/ad-neurocomputing/extracted/visa_raw/capsules/Data/Images/Normal/079.JPG
visa,capsules,8,1,3,/home/crl/MoME/other/AD/tmp/ad-neurocomputing/extracted/visa_raw/capsules/Data/Images/Normal/117.JPG
visa,capsules,8,1,4,/home/crl/MoME/other/AD/tmp/ad-neurocomputing/extracted/visa_raw/capsules/Data/Images/Normal/144.JPG
visa,capsules,8,1,5,/home/crl/MoME/other/AD/tmp/ad-neurocomputing/extracted/visa_raw/capsules/Data/Images/Normal/305.JPG
visa,capsules,8,1,6,/home/crl/MoME/other/AD/tmp/ad-neurocomputing/extracted/visa_raw/capsules/Data/Images/Normal/318.JPG
visa,capsules,8,1,7,/home/crl/MoME/other/AD/tmp/ad-neurocomputing/extracted/visa_raw/capsules/Data/Images/Normal/571.JPG
visa,capsules,8,2,0,/home/crl/MoME/other/AD/tmp/ad-neurocomputing/extracted/visa_raw/capsules/Data/Images/Normal/061.JPG
visa,capsules,8,2,1,/home/crl/MoME/other/AD/tmp/ad-neurocomputing/extracted/visa_raw/capsules/Data/Images/Normal/117.JPG
visa,capsules,8,2,2,/home/crl/MoME/other/AD/tmp/ad-neurocomputing/extracted/visa_raw/capsules/Data/Images/Normal/150.JPG
visa,capsules,8,2,3,/home/crl/MoME/other/AD/tmp/ad-neurocomputing/extracted/visa_raw/capsules/Data/Images/Normal/180.JPG
visa,capsules,8,2,4,/home/crl/MoME/other/AD/tmp/ad-neurocomputing/extracted/visa_raw/capsules/Data/Images/Normal/266.JPG
visa,capsules,8,2,5,/home/crl/MoME/other/AD/tmp/ad-neurocomputing/extracted/visa_raw/capsules/Data/Images/Normal/434.JPG
visa,capsules,8,2,6,/home/crl/MoME/other/AD/tmp/ad-neurocomputing/extracted/visa_raw/capsules/Data/Images/Normal/527.JPG
visa,capsules,8,2,7,/home/crl/MoME/other/AD/tmp/ad-neurocomputing/extracted/visa_raw/capsules/Data/Images/Normal/534.JPG
visa,capsules,8,3,0,/home/crl/MoME/other/AD/tmp/ad-neurocomputing/extracted/visa_raw/capsules/Data/Images/Normal/277.JPG
visa,capsules,8,3,1,/home/crl/MoME/other/AD/tmp/ad-neurocomputing/extracted/visa_raw/capsules/Data/Images/Normal/359.JPG
visa,capsules,8,3,2,/home/crl/MoME/other/AD/tmp/ad-neurocomputing/extracted/visa_raw/capsules/Data/Images/Normal/374.JPG
visa,capsules,8,3,3,/home/crl/MoME/other/AD/tmp/ad-neurocomputing/extracted/visa_raw/capsules/Data/Images/Normal/379.JPG
visa,capsules,8,3,4,/home/crl/MoME/other/AD/tmp/ad-neurocomputing/extracted/visa_raw/capsules/Data/Images/Normal/451.JPG
visa,capsules,8,3,5,/home/crl/MoME/other/AD/tmp/ad-neurocomputing/extracted/visa_raw/capsules/Data/Images/Normal/477.JPG
visa,capsules,8,3,6,/home/crl/MoME/other/AD/tmp/ad-neurocomputing/extracted/visa_raw/capsules/Data/Images/Normal/591.JPG
visa,capsules,8,3,7,/home/crl/MoME/other/AD/tmp/ad-neurocomputing/extracted/visa_raw/capsules/Data/Images/Normal/598.JPG
visa,capsules,8,4,0,/home/crl/MoME/other/AD/tmp/ad-neurocomputing/extracted/visa_raw/capsules/Data/Images/Normal/003.JPG
visa,capsules,8,4,1,/home/crl/MoME/other/AD/tmp/ad-neurocomputing/extracted/visa_raw/capsules/Data/Images/Normal/020.JPG
visa,capsules,8,4,2,/home/crl/MoME/other/AD/tmp/ad-neurocomputing/extracted/visa_raw/capsules/Data/Images/Normal/112.JPG
visa,capsules,8,4,3,/home/crl/MoME/other/AD/tmp/ad-neurocomputing/extracted/visa_raw/capsules/Data/Images/Normal/321.JPG
visa,capsules,8,4,4,/home/crl/MoME/other/AD/tmp/ad-neurocomputing/extracted/visa_raw/capsules/Data/Images/Normal/358.JPG
visa,capsules,8,4,5,/home/crl/MoME/other/AD/tmp/ad-neurocomputing/extracted/visa_raw/capsules/Data/Images/Normal/401.JPG
visa,capsules,8,4,6,/home/crl/MoME/other/AD/tmp/ad-neurocomputing/extracted/visa_raw/capsules/Data/Images/Normal/433.JPG
visa,capsules,8,4,7,/home/crl/MoME/other/AD/tmp/ad-neurocomputing/extracted/visa_raw/capsules/Data/Images/Normal/522.JPG
visa,cashew,1,0,0,/home/crl/MoME/other/AD/tmp/ad-neurocomputing/extracted/visa_raw/cashew/Data/Images/Normal/159.JPG
visa,cashew,1,1,0,/home/crl/MoME/other/AD/tmp/ad-neurocomputing/extracted/visa_raw/cashew/Data/Images/Normal/146.JPG
visa,cashew,1,2,0,/home/crl/MoME/other/AD/tmp/ad-neurocomputing/extracted/visa_raw/cashew/Data/Images/Normal/230.JPG
visa,cashew,1,3,0,/home/crl/MoME/other/AD/tmp/ad-neurocomputing/extracted/visa_raw/cashew/Data/Images/Normal/258.JPG
visa,cashew,1,4,0,/home/crl/MoME/other/AD/tmp/ad-neurocomputing/extracted/visa_raw/cashew/Data/Images/Normal/286.JPG
visa,cashew,2,0,0,/home/crl/MoME/other/AD/tmp/ad-neurocomputing/extracted/visa_raw/cashew/Data/Images/Normal/099.JPG
visa,cashew,2,0,1,/home/crl/MoME/other/AD/tmp/ad-neurocomputing/extracted/visa_raw/cashew/Data/Images/Normal/159.JPG
visa,cashew,2,1,0,/home/crl/MoME/other/AD/tmp/ad-neurocomputing/extracted/visa_raw/cashew/Data/Images/Normal/043.JPG
visa,cashew,2,1,1,/home/crl/MoME/other/AD/tmp/ad-neurocomputing/extracted/visa_raw/cashew/Data/Images/Normal/146.JPG
visa,cashew,2,2,0,/home/crl/MoME/other/AD/tmp/ad-neurocomputing/extracted/visa_raw/cashew/Data/Images/Normal/161.JPG
visa,cashew,2,2,1,/home/crl/MoME/other/AD/tmp/ad-neurocomputing/extracted/visa_raw/cashew/Data/Images/Normal/230.JPG
visa,cashew,2,3,0,/home/crl/MoME/other/AD/tmp/ad-neurocomputing/extracted/visa_raw/cashew/Data/Images/Normal/258.JPG
visa,cashew,2,3,1,/home/crl/MoME/other/AD/tmp/ad-neurocomputing/extracted/visa_raw/cashew/Data/Images/Normal/343.JPG
visa,cashew,2,4,0,/home/crl/MoME/other/AD/tmp/ad-neurocomputing/extracted/visa_raw/cashew/Data/Images/Normal/045.JPG
visa,cashew,2,4,1,/home/crl/MoME/other/AD/tmp/ad-neurocomputing/extracted/visa_raw/cashew/Data/Images/Normal/286.JPG
visa,cashew,4,0,0,/home/crl/MoME/other/AD/tmp/ad-neurocomputing/extracted/visa_raw/cashew/Data/Images/Normal/099.JPG
visa,cashew,4,0,1,/home/crl/MoME/other/AD/tmp/ad-neurocomputing/extracted/visa_raw/cashew/Data/Images/Normal/159.JPG
visa,cashew,4,0,2,/home/crl/MoME/other/AD/tmp/ad-neurocomputing/extracted/visa_raw/cashew/Data/Images/Normal/298.JPG
visa,cashew,4,0,3,/home/crl/MoME/other/AD/tmp/ad-neurocomputing/extracted/visa_raw/cashew/Data/Images/Normal/412.JPG
visa,cashew,4,1,0,/home/crl/MoME/other/AD/tmp/ad-neurocomputing/extracted/visa_raw/cashew/Data/Images/Normal/018.JPG
visa,cashew,4,1,1,/home/crl/MoME/other/AD/tmp/ad-neurocomputing/extracted/visa_raw/cashew/Data/Images/Normal/043.JPG
visa,cashew,4,1,2,/home/crl/MoME/other/AD/tmp/ad-neurocomputing/extracted/visa_raw/cashew/Data/Images/Normal/146.JPG
visa,cashew,4,1,3,/home/crl/MoME/other/AD/tmp/ad-neurocomputing/extracted/visa_raw/cashew/Data/Images/Normal/339.JPG
visa,cashew,4,2,0,/home/crl/MoME/other/AD/tmp/ad-neurocomputing/extracted/visa_raw/cashew/Data/Images/Normal/161.JPG
visa,cashew,4,2,1,/home/crl/MoME/other/AD/tmp/ad-neurocomputing/extracted/visa_raw/cashew/Data/Images/Normal/190.JPG
visa,cashew,4,2,2,/home/crl/MoME/other/AD/tmp/ad-neurocomputing/extracted/visa_raw/cashew/Data/Images/Normal/230.JPG
visa,cashew,4,2,3,/home/crl/MoME/other/AD/tmp/ad-neurocomputing/extracted/visa_raw/cashew/Data/Images/Normal/247.JPG
visa,cashew,4,3,0,/home/crl/MoME/other/AD/tmp/ad-neurocomputing/extracted/visa_raw/cashew/Data/Images/Normal/199.JPG
visa,cashew,4,3,1,/home/crl/MoME/other/AD/tmp/ad-neurocomputing/extracted/visa_raw/cashew/Data/Images/Normal/258.JPG
visa,cashew,4,3,2,/home/crl/MoME/other/AD/tmp/ad-neurocomputing/extracted/visa_raw/cashew/Data/Images/Normal/343.JPG
visa,cashew,4,3,3,/home/crl/MoME/other/AD/tmp/ad-neurocomputing/extracted/visa_raw/cashew/Data/Images/Normal/474.JPG
visa,cashew,4,4,0,/home/crl/MoME/other/AD/tmp/ad-neurocomputing/extracted/visa_raw/cashew/Data/Images/Normal/045.JPG
visa,cashew,4,4,1,/home/crl/MoME/other/AD/tmp/ad-neurocomputing/extracted/visa_raw/cashew/Data/Images/Normal/086.JPG
visa,cashew,4,4,2,/home/crl/MoME/other/AD/tmp/ad-neurocomputing/extracted/visa_raw/cashew/Data/Images/Normal/158.JPG
visa,cashew,4,4,3,/home/crl/MoME/other/AD/tmp/ad-neurocomputing/extracted/visa_raw/cashew/Data/Images/Normal/286.JPG
visa,cashew,8,0,0,/home/crl/MoME/other/AD/tmp/ad-neurocomputing/extracted/visa_raw/cashew/Data/Images/Normal/043.JPG
visa,cashew,8,0,1,/home/crl/MoME/other/AD/tmp/ad-neurocomputing/extracted/visa_raw/cashew/Data/Images/Normal/045.JPG
visa,cashew,8,0,2,/home/crl/MoME/other/AD/tmp/ad-neurocomputing/extracted/visa_raw/cashew/Data/Images/Normal/099.JPG
visa,cashew,8,0,3,/home/crl/MoME/other/AD/tmp/ad-neurocomputing/extracted/visa_raw/cashew/Data/Images/Normal/146.JPG
visa,cashew,8,0,4,/home/crl/MoME/other/AD/tmp/ad-neurocomputing/extracted/visa_raw/cashew/Data/Images/Normal/159.JPG
visa,cashew,8,0,5,/home/crl/MoME/other/AD/tmp/ad-neurocomputing/extracted/visa_raw/cashew/Data/Images/Normal/291.JPG
visa,cashew,8,0,6,/home/crl/MoME/other/AD/tmp/ad-neurocomputing/extracted/visa_raw/cashew/Data/Images/Normal/298.JPG
visa,cashew,8,0,7,/home/crl/MoME/other/AD/tmp/ad-neurocomputing/extracted/visa_raw/cashew/Data/Images/Normal/412.JPG
visa,cashew,8,1,0,/home/crl/MoME/other/AD/tmp/ad-neurocomputing/extracted/visa_raw/cashew/Data/Images/Normal/018.JPG
visa,cashew,8,1,1,/home/crl/MoME/other/AD/tmp/ad-neurocomputing/extracted/visa_raw/cashew/Data/Images/Normal/033.JPG
visa,cashew,8,1,2,/home/crl/MoME/other/AD/tmp/ad-neurocomputing/extracted/visa_raw/cashew/Data/Images/Normal/043.JPG
visa,cashew,8,1,3,/home/crl/MoME/other/AD/tmp/ad-neurocomputing/extracted/visa_raw/cashew/Data/Images/Normal/126.JPG
visa,cashew,8,1,4,/home/crl/MoME/other/AD/tmp/ad-neurocomputing/extracted/visa_raw/cashew/Data/Images/Normal/146.JPG
visa,cashew,8,1,5,/home/crl/MoME/other/AD/tmp/ad-neurocomputing/extracted/visa_raw/cashew/Data/Images/Normal/215.JPG
visa,cashew,8,1,6,/home/crl/MoME/other/AD/tmp/ad-neurocomputing/extracted/visa_raw/cashew/Data/Images/Normal/258.JPG
visa,cashew,8,1,7,/home/crl/MoME/other/AD/tmp/ad-neurocomputing/extracted/visa_raw/cashew/Data/Images/Normal/339.JPG
visa,cashew,8,2,0,/home/crl/MoME/other/AD/tmp/ad-neurocomputing/extracted/visa_raw/cashew/Data/Images/Normal/161.JPG
visa,cashew,8,2,1,/home/crl/MoME/other/AD/tmp/ad-neurocomputing/extracted/visa_raw/cashew/Data/Images/Normal/190.JPG
visa,cashew,8,2,2,/home/crl/MoME/other/AD/tmp/ad-neurocomputing/extracted/visa_raw/cashew/Data/Images/Normal/208.JPG
visa,cashew,8,2,3,/home/crl/MoME/other/AD/tmp/ad-neurocomputing/extracted/visa_raw/cashew/Data/Images/Normal/216.JPG
visa,cashew,8,2,4,/home/crl/MoME/other/AD/tmp/ad-neurocomputing/extracted/visa_raw/cashew/Data/Images/Normal/223.JPG
visa,cashew,8,2,5,/home/crl/MoME/other/AD/tmp/ad-neurocomputing/extracted/visa_raw/cashew/Data/Images/Normal/230.JPG
visa,cashew,8,2,6,/home/crl/MoME/other/AD/tmp/ad-neurocomputing/extracted/visa_raw/cashew/Data/Images/Normal/247.JPG
visa,cashew,8,2,7,/home/crl/MoME/other/AD/tmp/ad-neurocomputing/extracted/visa_raw/cashew/Data/Images/Normal/390.JPG
visa,cashew,8,3,0,/home/crl/MoME/other/AD/tmp/ad-neurocomputing/extracted/visa_raw/cashew/Data/Images/Normal/015.JPG
visa,cashew,8,3,1,/home/crl/MoME/other/AD/tmp/ad-neurocomputing/extracted/visa_raw/cashew/Data/Images/Normal/024.JPG
visa,cashew,8,3,2,/home/crl/MoME/other/AD/tmp/ad-neurocomputing/extracted/visa_raw/cashew/Data/Images/Normal/199.JPG
visa,cashew,8,3,3,/home/crl/MoME/other/AD/tmp/ad-neurocomputing/extracted/visa_raw/cashew/Data/Images/Normal/224.JPG
visa,cashew,8,3,4,/home/crl/MoME/other/AD/tmp/ad-neurocomputing/extracted/visa_raw/cashew/Data/Images/Normal/258.JPG
visa,cashew,8,3,5,/home/crl/MoME/other/AD/tmp/ad-neurocomputing/extracted/visa_raw/cashew/Data/Images/Normal/343.JPG
visa,cashew,8,3,6,/home/crl/MoME/other/AD/tmp/ad-neurocomputing/extracted/visa_raw/cashew/Data/Images/Normal/462.JPG
visa,cashew,8,3,7,/home/crl/MoME/other/AD/tmp/ad-neurocomputing/extracted/visa_raw/cashew/Data/Images/Normal/474.JPG
visa,cashew,8,4,0,/home/crl/MoME/other/AD/tmp/ad-neurocomputing/extracted/visa_raw/cashew/Data/Images/Normal/045.JPG
visa,cashew,8,4,1,/home/crl/MoME/other/AD/tmp/ad-neurocomputing/extracted/visa_raw/cashew/Data/Images/Normal/076.JPG
visa,cashew,8,4,2,/home/crl/MoME/other/AD/tmp/ad-neurocomputing/extracted/visa_raw/cashew/Data/Images/Normal/086.JPG
visa,cashew,8,4,3,/home/crl/MoME/other/AD/tmp/ad-neurocomputing/extracted/visa_raw/cashew/Data/Images/Normal/158.JPG
visa,cashew,8,4,4,/home/crl/MoME/other/AD/tmp/ad-neurocomputing/extracted/visa_raw/cashew/Data/Images/Normal/248.JPG
visa,cashew,8,4,5,/home/crl/MoME/other/AD/tmp/ad-neurocomputing/extracted/visa_raw/cashew/Data/Images/Normal/286.JPG
visa,cashew,8,4,6,/home/crl/MoME/other/AD/tmp/ad-neurocomputing/extracted/visa_raw/cashew/Data/Images/Normal/413.JPG
visa,cashew,8,4,7,/home/crl/MoME/other/AD/tmp/ad-neurocomputing/extracted/visa_raw/cashew/Data/Images/Normal/436.JPG
visa,chewinggum,1,0,0,/home/crl/MoME/other/AD/tmp/ad-neurocomputing/extracted/visa_raw/chewinggum/Data/Images/Normal/406.JPG
visa,chewinggum,1,1,0,/home/crl/MoME/other/AD/tmp/ad-neurocomputing/extracted/visa_raw/chewinggum/Data/Images/Normal/305.JPG
visa,chewinggum,1,2,0,/home/crl/MoME/other/AD/tmp/ad-neurocomputing/extracted/visa_raw/chewinggum/Data/Images/Normal/231.JPG
visa,chewinggum,1,3,0,/home/crl/MoME/other/AD/tmp/ad-neurocomputing/extracted/visa_raw/chewinggum/Data/Images/Normal/295.JPG
visa,chewinggum,1,4,0,/home/crl/MoME/other/AD/tmp/ad-neurocomputing/extracted/visa_raw/chewinggum/Data/Images/Normal/091.JPG
visa,chewinggum,2,0,0,/home/crl/MoME/other/AD/tmp/ad-neurocomputing/extracted/visa_raw/chewinggum/Data/Images/Normal/099.JPG
visa,chewinggum,2,0,1,/home/crl/MoME/other/AD/tmp/ad-neurocomputing/extracted/visa_raw/chewinggum/Data/Images/Normal/406.JPG
visa,chewinggum,2,1,0,/home/crl/MoME/other/AD/tmp/ad-neurocomputing/extracted/visa_raw/chewinggum/Data/Images/Normal/032.JPG
visa,chewinggum,2,1,1,/home/crl/MoME/other/AD/tmp/ad-neurocomputing/extracted/visa_raw/chewinggum/Data/Images/Normal/305.JPG
visa,chewinggum,2,2,0,/home/crl/MoME/other/AD/tmp/ad-neurocomputing/extracted/visa_raw/chewinggum/Data/Images/Normal/167.JPG
visa,chewinggum,2,2,1,/home/crl/MoME/other/AD/tmp/ad-neurocomputing/extracted/visa_raw/chewinggum/Data/Images/Normal/231.JPG
visa,chewinggum,2,3,0,/home/crl/MoME/other/AD/tmp/ad-neurocomputing/extracted/visa_raw/chewinggum/Data/Images/Normal/295.JPG
visa,chewinggum,2,3,1,/home/crl/MoME/other/AD/tmp/ad-neurocomputing/extracted/visa_raw/chewinggum/Data/Images/Normal/301.JPG
visa,chewinggum,2,4,0,/home/crl/MoME/other/AD/tmp/ad-neurocomputing/extracted/visa_raw/chewinggum/Data/Images/Normal/091.JPG
visa,chewinggum,2,4,1,/home/crl/MoME/other/AD/tmp/ad-neurocomputing/extracted/visa_raw/chewinggum/Data/Images/Normal/288.JPG
visa,chewinggum,4,0,0,/home/crl/MoME/other/AD/tmp/ad-neurocomputing/extracted/visa_raw/chewinggum/Data/Images/Normal/099.JPG
visa,chewinggum,4,0,1,/home/crl/MoME/other/AD/tmp/ad-neurocomputing/extracted/visa_raw/chewinggum/Data/Images/Normal/341.JPG
visa,chewinggum,4,0,2,/home/crl/MoME/other/AD/tmp/ad-neurocomputing/extracted/visa_raw/chewinggum/Data/Images/Normal/406.JPG
visa,chewinggum,4,0,3,/home/crl/MoME/other/AD/tmp/ad-neurocomputing/extracted/visa_raw/chewinggum/Data/Images/Normal/454.JPG
visa,chewinggum,4,1,0,/home/crl/MoME/other/AD/tmp/ad-neurocomputing/extracted/visa_raw/chewinggum/Data/Images/Normal/032.JPG
visa,chewinggum,4,1,1,/home/crl/MoME/other/AD/tmp/ad-neurocomputing/extracted/visa_raw/chewinggum/Data/Images/Normal/190.JPG
visa,chewinggum,4,1,2,/home/crl/MoME/other/AD/tmp/ad-neurocomputing/extracted/visa_raw/chewinggum/Data/Images/Normal/305.JPG
visa,chewinggum,4,1,3,/home/crl/MoME/other/AD/tmp/ad-neurocomputing/extracted/visa_raw/chewinggum/Data/Images/Normal/387.JPG
visa,chewinggum,4,2,0,/home/crl/MoME/other/AD/tmp/ad-neurocomputing/extracted/visa_raw/chewinggum/Data/Images/Normal/167.JPG
visa,chewinggum,4,2,1,/home/crl/MoME/other/AD/tmp/ad-neurocomputing/extracted/visa_raw/chewinggum/Data/Images/Normal/212.JPG
visa,chewinggum,4,2,2,/home/crl/MoME/other/AD/tmp/ad-neurocomputing/extracted/visa_raw/chewinggum/Data/Images/Normal/220.JPG
visa,chewinggum,4,2,3,/home/crl/MoME/other/AD/tmp/ad-neurocomputing/extracted/visa_raw/chewinggum/Data/Images/Normal/231.JPG
visa,chewinggum,4,3,0,/home/crl/MoME/other/AD/tmp/ad-neurocomputing/extracted/visa_raw/chewinggum/Data/Images/Normal/115.JPG
visa,chewinggum,4,3,1,/home/crl/MoME/other/AD/tmp/ad-neurocomputing/extracted/visa_raw/chewinggum/Data/Images/Normal/232.JPG
visa,chewinggum,4,3,2,/home/crl/MoME/other/AD/tmp/ad-neurocomputing/extracted/visa_raw/chewinggum/Data/Images/Normal/295.JPG
visa,chewinggum,4,3,3,/home/crl/MoME/other/AD/tmp/ad-neurocomputing/extracted/visa_raw/chewinggum/Data/Images/Normal/301.JPG
visa,chewinggum,4,4,0,/home/crl/MoME/other/AD/tmp/ad-neurocomputing/extracted/visa_raw/chewinggum/Data/Images/Normal/091.JPG
visa,chewinggum,4,4,1,/home/crl/MoME/other/AD/tmp/ad-neurocomputing/extracted/visa_raw/chewinggum/Data/Images/Normal/100.JPG
visa,chewinggum,4,4,2,/home/crl/MoME/other/AD/tmp/ad-neurocomputing/extracted/visa_raw/chewinggum/Data/Images/Normal/249.JPG
visa,chewinggum,4,4,3,/home/crl/MoME/other/AD/tmp/ad-neurocomputing/extracted/visa_raw/chewinggum/Data/Images/Normal/288.JPG
visa,chewinggum,8,0,0,/home/crl/MoME/other/AD/tmp/ad-neurocomputing/extracted/visa_raw/chewinggum/Data/Images/Normal/099.JPG
visa,chewinggum,8,0,1,/home/crl/MoME/other/AD/tmp/ad-neurocomputing/extracted/visa_raw/chewinggum/Data/Images/Normal/155.JPG
visa,chewinggum,8,0,2,/home/crl/MoME/other/AD/tmp/ad-neurocomputing/extracted/visa_raw/chewinggum/Data/Images/Normal/226.JPG
visa,chewinggum,8,0,3,/home/crl/MoME/other/AD/tmp/ad-neurocomputing/extracted/visa_raw/chewinggum/Data/Images/Normal/341.JPG
visa,chewinggum,8,0,4,/home/crl/MoME/other/AD/tmp/ad-neurocomputing/extracted/visa_raw/chewinggum/Data/Images/Normal/406.JPG
visa,chewinggum,8,0,5,/home/crl/MoME/other/AD/tmp/ad-neurocomputing/extracted/visa_raw/chewinggum/Data/Images/Normal/454.JPG
visa,chewinggum,8,0,6,/home/crl/MoME/other/AD/tmp/ad-neurocomputing/extracted/visa_raw/chewinggum/Data/Images/Normal/458.JPG
visa,chewinggum,8,0,7,/home/crl/MoME/other/AD/tmp/ad-neurocomputing/extracted/visa_raw/chewinggum/Data/Images/Normal/494.JPG
visa,chewinggum,8,1,0,/home/crl/MoME/other/AD/tmp/ad-neurocomputing/extracted/visa_raw/chewinggum/Data/Images/Normal/018.JPG
visa,chewinggum,8,1,1,/home/crl/MoME/other/AD/tmp/ad-neurocomputing/extracted/visa_raw/chewinggum/Data/Images/Normal/032.JPG
visa,chewinggum,8,1,2,/home/crl/MoME/other/AD/tmp/ad-neurocomputing/extracted/visa_raw/chewinggum/Data/Images/Normal/153.JPG
visa,chewinggum,8,1,3,/home/crl/MoME/other/AD/tmp/ad-neurocomputing/extracted/visa_raw/chewinggum/Data/Images/Normal/190.JPG
visa,chewinggum,8,1,4,/home/crl/MoME/other/AD/tmp/ad-neurocomputing/extracted/visa_raw/chewinggum/Data/Images/Normal/208.JPG
visa,chewinggum,8,1,5,/home/crl/MoME/other/AD/tmp/ad-neurocomputing/extracted/visa_raw/chewinggum/Data/Images/Normal/305.JPG
visa,chewinggum,8,1,6,/home/crl/MoME/other/AD/tmp/ad-neurocomputing/extracted/visa_raw/chewinggum/Data/Images/Normal/330.JPG
visa,chewinggum,8,1,7,/home/crl/MoME/other/AD/tmp/ad-neurocomputing/extracted/visa_raw/chewinggum/Data/Images/Normal/387.JPG
visa,chewinggum,8,2,0,/home/crl/MoME/other/AD/tmp/ad-neurocomputing/extracted/visa_raw/chewinggum/Data/Images/Normal/167.JPG
visa,chewinggum,8,2,1,/home/crl/MoME/other/AD/tmp/ad-neurocomputing/extracted/visa_raw/chewinggum/Data/Images/Normal/212.JPG
visa,chewinggum,8,2,2,/home/crl/MoME/other/AD/tmp/ad-neurocomputing/extracted/visa_raw/chewinggum/Data/Images/Normal/220.JPG
visa,chewinggum,8,2,3,/home/crl/MoME/other/AD/tmp/ad-neurocomputing/extracted/visa_raw/chewinggum/Data/Images/Normal/226.JPG
visa,chewinggum,8,2,4,/home/crl/MoME/other/AD/tmp/ad-neurocomputing/extracted/visa_raw/chewinggum/Data/Images/Normal/231.JPG
visa,chewinggum,8,2,5,/home/crl/MoME/other/AD/tmp/ad-neurocomputing/extracted/visa_raw/chewinggum/Data/Images/Normal/279.JPG
visa,chewinggum,8,2,6,/home/crl/MoME/other/AD/tmp/ad-neurocomputing/extracted/visa_raw/chewinggum/Data/Images/Normal/299.JPG
visa,chewinggum,8,2,7,/home/crl/MoME/other/AD/tmp/ad-neurocomputing/extracted/visa_raw/chewinggum/Data/Images/Normal/496.JPG
visa,chewinggum,8,3,0,/home/crl/MoME/other/AD/tmp/ad-neurocomputing/extracted/visa_raw/chewinggum/Data/Images/Normal/103.JPG
visa,chewinggum,8,3,1,/home/crl/MoME/other/AD/tmp/ad-neurocomputing/extracted/visa_raw/chewinggum/Data/Images/Normal/115.JPG
visa,chewinggum,8,3,2,/home/crl/MoME/other/AD/tmp/ad-neurocomputing/extracted/visa_raw/chewinggum/Data/Images/Normal/197.JPG
visa,chewinggum,8,3,3,/home/crl/MoME/other/AD/tmp/ad-neurocomputing/extracted/visa_raw/chewinggum/Data/Images/Normal/232.JPG
visa,chewinggum,8,3,4,/home/crl/MoME/other/AD/tmp/ad-neurocomputing/extracted/visa_raw/chewinggum/Data/Images/Normal/240.JPG
visa,chewinggum,8,3,5,/home/crl/MoME/other/AD/tmp/ad-neurocomputing/extracted/visa_raw/chewinggum/Data/Images/Normal/295.JPG
visa,chewinggum,8,3,6,/home/crl/MoME/other/AD/tmp/ad-neurocomputing/extracted/visa_raw/chewinggum/Data/Images/Normal/301.JPG
visa,chewinggum,8,3,7,/home/crl/MoME/other/AD/tmp/ad-neurocomputing/extracted/visa_raw/chewinggum/Data/Images/Normal/360.JPG
visa,chewinggum,8,4,0,/home/crl/MoME/other/AD/tmp/ad-neurocomputing/extracted/visa_raw/chewinggum/Data/Images/Normal/041.JPG
visa,chewinggum,8,4,1,/home/crl/MoME/other/AD/tmp/ad-neurocomputing/extracted/visa_raw/chewinggum/Data/Images/Normal/068.JPG
visa,chewinggum,8,4,2,/home/crl/MoME/other/AD/tmp/ad-neurocomputing/extracted/visa_raw/chewinggum/Data/Images/Normal/091.JPG
visa,chewinggum,8,4,3,/home/crl/MoME/other/AD/tmp/ad-neurocomputing/extracted/visa_raw/chewinggum/Data/Images/Normal/100.JPG
visa,chewinggum,8,4,4,/home/crl/MoME/other/AD/tmp/ad-neurocomputing/extracted/visa_raw/chewinggum/Data/Images/Normal/249.JPG
visa,chewinggum,8,4,5,/home/crl/MoME/other/AD/tmp/ad-neurocomputing/extracted/visa_raw/chewinggum/Data/Images/Normal/281.JPG
visa,chewinggum,8,4,6,/home/crl/MoME/other/AD/tmp/ad-neurocomputing/extracted/visa_raw/chewinggum/Data/Images/Normal/288.JPG
visa,chewinggum,8,4,7,/home/crl/MoME/other/AD/tmp/ad-neurocomputing/extracted/visa_raw/chewinggum/Data/Images/Normal/493.JPG
visa,fryum,1,0,0,/home/crl/MoME/other/AD/tmp/ad-neurocomputing/extracted/visa_raw/fryum/Data/Images/Normal/159.JPG
visa,fryum,1,1,0,/home/crl/MoME/other/AD/tmp/ad-neurocomputing/extracted/visa_raw/fryum/Data/Images/Normal/146.JPG
visa,fryum,1,2,0,/home/crl/MoME/other/AD/tmp/ad-neurocomputing/extracted/visa_raw/fryum/Data/Images/Normal/230.JPG
visa,fryum,1,3,0,/home/crl/MoME/other/AD/tmp/ad-neurocomputing/extracted/visa_raw/fryum/Data/Images/Normal/258.JPG
visa,fryum,1,4,0,/home/crl/MoME/other/AD/tmp/ad-neurocomputing/extracted/visa_raw/fryum/Data/Images/Normal/286.JPG
visa,fryum,2,0,0,/home/crl/MoME/other/AD/tmp/ad-neurocomputing/extracted/visa_raw/fryum/Data/Images/Normal/099.JPG
visa,fryum,2,0,1,/home/crl/MoME/other/AD/tmp/ad-neurocomputing/extracted/visa_raw/fryum/Data/Images/Normal/159.JPG
visa,fryum,2,1,0,/home/crl/MoME/other/AD/tmp/ad-neurocomputing/extracted/visa_raw/fryum/Data/Images/Normal/043.JPG
visa,fryum,2,1,1,/home/crl/MoME/other/AD/tmp/ad-neurocomputing/extracted/visa_raw/fryum/Data/Images/Normal/146.JPG
visa,fryum,2,2,0,/home/crl/MoME/other/AD/tmp/ad-neurocomputing/extracted/visa_raw/fryum/Data/Images/Normal/161.JPG
visa,fryum,2,2,1,/home/crl/MoME/other/AD/tmp/ad-neurocomputing/extracted/visa_raw/fryum/Data/Images/Normal/230.JPG
visa,fryum,2,3,0,/home/crl/MoME/other/AD/tmp/ad-neurocomputing/extracted/visa_raw/fryum/Data/Images/Normal/258.JPG
visa,fryum,2,3,1,/home/crl/MoME/other/AD/tmp/ad-neurocomputing/extracted/visa_raw/fryum/Data/Images/Normal/343.JPG
visa,fryum,2,4,0,/home/crl/MoME/other/AD/tmp/ad-neurocomputing/extracted/visa_raw/fryum/Data/Images/Normal/045.JPG
visa,fryum,2,4,1,/home/crl/MoME/other/AD/tmp/ad-neurocomputing/extracted/visa_raw/fryum/Data/Images/Normal/286.JPG
visa,fryum,4,0,0,/home/crl/MoME/other/AD/tmp/ad-neurocomputing/extracted/visa_raw/fryum/Data/Images/Normal/099.JPG
visa,fryum,4,0,1,/home/crl/MoME/other/AD/tmp/ad-neurocomputing/extracted/visa_raw/fryum/Data/Images/Normal/159.JPG
visa,fryum,4,0,2,/home/crl/MoME/other/AD/tmp/ad-neurocomputing/extracted/visa_raw/fryum/Data/Images/Normal/298.JPG
visa,fryum,4,0,3,/home/crl/MoME/other/AD/tmp/ad-neurocomputing/extracted/visa_raw/fryum/Data/Images/Normal/412.JPG
visa,fryum,4,1,0,/home/crl/MoME/other/AD/tmp/ad-neurocomputing/extracted/visa_raw/fryum/Data/Images/Normal/018.JPG
visa,fryum,4,1,1,/home/crl/MoME/other/AD/tmp/ad-neurocomputing/extracted/visa_raw/fryum/Data/Images/Normal/043.JPG
visa,fryum,4,1,2,/home/crl/MoME/other/AD/tmp/ad-neurocomputing/extracted/visa_raw/fryum/Data/Images/Normal/146.JPG
visa,fryum,4,1,3,/home/crl/MoME/other/AD/tmp/ad-neurocomputing/extracted/visa_raw/fryum/Data/Images/Normal/339.JPG
visa,fryum,4,2,0,/home/crl/MoME/other/AD/tmp/ad-neurocomputing/extracted/visa_raw/fryum/Data/Images/Normal/161.JPG
visa,fryum,4,2,1,/home/crl/MoME/other/AD/tmp/ad-neurocomputing/extracted/visa_raw/fryum/Data/Images/Normal/190.JPG
visa,fryum,4,2,2,/home/crl/MoME/other/AD/tmp/ad-neurocomputing/extracted/visa_raw/fryum/Data/Images/Normal/230.JPG
visa,fryum,4,2,3,/home/crl/MoME/other/AD/tmp/ad-neurocomputing/extracted/visa_raw/fryum/Data/Images/Normal/247.JPG
visa,fryum,4,3,0,/home/crl/MoME/other/AD/tmp/ad-neurocomputing/extracted/visa_raw/fryum/Data/Images/Normal/199.JPG
visa,fryum,4,3,1,/home/crl/MoME/other/AD/tmp/ad-neurocomputing/extracted/visa_raw/fryum/Data/Images/Normal/258.JPG
visa,fryum,4,3,2,/home/crl/MoME/other/AD/tmp/ad-neurocomputing/extracted/visa_raw/fryum/Data/Images/Normal/343.JPG
visa,fryum,4,3,3,/home/crl/MoME/other/AD/tmp/ad-neurocomputing/extracted/visa_raw/fryum/Data/Images/Normal/474.JPG
visa,fryum,4,4,0,/home/crl/MoME/other/AD/tmp/ad-neurocomputing/extracted/visa_raw/fryum/Data/Images/Normal/045.JPG
visa,fryum,4,4,1,/home/crl/MoME/other/AD/tmp/ad-neurocomputing/extracted/visa_raw/fryum/Data/Images/Normal/086.JPG
visa,fryum,4,4,2,/home/crl/MoME/other/AD/tmp/ad-neurocomputing/extracted/visa_raw/fryum/Data/Images/Normal/158.JPG
visa,fryum,4,4,3,/home/crl/MoME/other/AD/tmp/ad-neurocomputing/extracted/visa_raw/fryum/Data/Images/Normal/286.JPG
visa,fryum,8,0,0,/home/crl/MoME/other/AD/tmp/ad-neurocomputing/extracted/visa_raw/fryum/Data/Images/Normal/043.JPG
visa,fryum,8,0,1,/home/crl/MoME/other/AD/tmp/ad-neurocomputing/extracted/visa_raw/fryum/Data/Images/Normal/045.JPG
visa,fryum,8,0,2,/home/crl/MoME/other/AD/tmp/ad-neurocomputing/extracted/visa_raw/fryum/Data/Images/Normal/099.JPG
visa,fryum,8,0,3,/home/crl/MoME/other/AD/tmp/ad-neurocomputing/extracted/visa_raw/fryum/Data/Images/Normal/146.JPG
visa,fryum,8,0,4,/home/crl/MoME/other/AD/tmp/ad-neurocomputing/extracted/visa_raw/fryum/Data/Images/Normal/159.JPG
visa,fryum,8,0,5,/home/crl/MoME/other/AD/tmp/ad-neurocomputing/extracted/visa_raw/fryum/Data/Images/Normal/291.JPG
visa,fryum,8,0,6,/home/crl/MoME/other/AD/tmp/ad-neurocomputing/extracted/visa_raw/fryum/Data/Images/Normal/298.JPG
visa,fryum,8,0,7,/home/crl/MoME/other/AD/tmp/ad-neurocomputing/extracted/visa_raw/fryum/Data/Images/Normal/412.JPG
visa,fryum,8,1,0,/home/crl/MoME/other/AD/tmp/ad-neurocomputing/extracted/visa_raw/fryum/Data/Images/Normal/018.JPG
visa,fryum,8,1,1,/home/crl/MoME/other/AD/tmp/ad-neurocomputing/extracted/visa_raw/fryum/Data/Images/Normal/033.JPG
visa,fryum,8,1,2,/home/crl/MoME/other/AD/tmp/ad-neurocomputing/extracted/visa_raw/fryum/Data/Images/Normal/043.JPG
visa,fryum,8,1,3,/home/crl/MoME/other/AD/tmp/ad-neurocomputing/extracted/visa_raw/fryum/Data/Images/Normal/126.JPG
visa,fryum,8,1,4,/home/crl/MoME/other/AD/tmp/ad-neurocomputing/extracted/visa_raw/fryum/Data/Images/Normal/146.JPG
visa,fryum,8,1,5,/home/crl/MoME/other/AD/tmp/ad-neurocomputing/extracted/visa_raw/fryum/Data/Images/Normal/215.JPG
visa,fryum,8,1,6,/home/crl/MoME/other/AD/tmp/ad-neurocomputing/extracted/visa_raw/fryum/Data/Images/Normal/258.JPG
visa,fryum,8,1,7,/home/crl/MoME/other/AD/tmp/ad-neurocomputing/extracted/visa_raw/fryum/Data/Images/Normal/339.JPG
visa,fryum,8,2,0,/home/crl/MoME/other/AD/tmp/ad-neurocomputing/extracted/visa_raw/fryum/Data/Images/Normal/161.JPG
visa,fryum,8,2,1,/home/crl/MoME/other/AD/tmp/ad-neurocomputing/extracted/visa_raw/fryum/Data/Images/Normal/190.JPG
visa,fryum,8,2,2,/home/crl/MoME/other/AD/tmp/ad-neurocomputing/extracted/visa_raw/fryum/Data/Images/Normal/208.JPG
visa,fryum,8,2,3,/home/crl/MoME/other/AD/tmp/ad-neurocomputing/extracted/visa_raw/fryum/Data/Images/Normal/216.JPG
visa,fryum,8,2,4,/home/crl/MoME/other/AD/tmp/ad-neurocomputing/extracted/visa_raw/fryum/Data/Images/Normal/223.JPG
visa,fryum,8,2,5,/home/crl/MoME/other/AD/tmp/ad-neurocomputing/extracted/visa_raw/fryum/Data/Images/Normal/230.JPG
visa,fryum,8,2,6,/home/crl/MoME/other/AD/tmp/ad-neurocomputing/extracted/visa_raw/fryum/Data/Images/Normal/247.JPG
visa,fryum,8,2,7,/home/crl/MoME/other/AD/tmp/ad-neurocomputing/extracted/visa_raw/fryum/Data/Images/Normal/390.JPG
visa,fryum,8,3,0,/home/crl/MoME/other/AD/tmp/ad-neurocomputing/extracted/visa_raw/fryum/Data/Images/Normal/015.JPG
visa,fryum,8,3,1,/home/crl/MoME/other/AD/tmp/ad-neurocomputing/extracted/visa_raw/fryum/Data/Images/Normal/024.JPG
visa,fryum,8,3,2,/home/crl/MoME/other/AD/tmp/ad-neurocomputing/extracted/visa_raw/fryum/Data/Images/Normal/199.JPG
visa,fryum,8,3,3,/home/crl/MoME/other/AD/tmp/ad-neurocomputing/extracted/visa_raw/fryum/Data/Images/Normal/224.JPG
visa,fryum,8,3,4,/home/crl/MoME/other/AD/tmp/ad-neurocomputing/extracted/visa_raw/fryum/Data/Images/Normal/258.JPG
visa,fryum,8,3,5,/home/crl/MoME/other/AD/tmp/ad-neurocomputing/extracted/visa_raw/fryum/Data/Images/Normal/343.JPG
visa,fryum,8,3,6,/home/crl/MoME/other/AD/tmp/ad-neurocomputing/extracted/visa_raw/fryum/Data/Images/Normal/462.JPG
visa,fryum,8,3,7,/home/crl/MoME/other/AD/tmp/ad-neurocomputing/extracted/visa_raw/fryum/Data/Images/Normal/474.JPG
visa,fryum,8,4,0,/home/crl/MoME/other/AD/tmp/ad-neurocomputing/extracted/visa_raw/fryum/Data/Images/Normal/045.JPG
visa,fryum,8,4,1,/home/crl/MoME/other/AD/tmp/ad-neurocomputing/extracted/visa_raw/fryum/Data/Images/Normal/076.JPG
visa,fryum,8,4,2,/home/crl/MoME/other/AD/tmp/ad-neurocomputing/extracted/visa_raw/fryum/Data/Images/Normal/086.JPG
visa,fryum,8,4,3,/home/crl/MoME/other/AD/tmp/ad-neurocomputing/extracted/visa_raw/fryum/Data/Images/Normal/158.JPG
visa,fryum,8,4,4,/home/crl/MoME/other/AD/tmp/ad-neurocomputing/extracted/visa_raw/fryum/Data/Images/Normal/248.JPG
visa,fryum,8,4,5,/home/crl/MoME/other/AD/tmp/ad-neurocomputing/extracted/visa_raw/fryum/Data/Images/Normal/286.JPG
visa,fryum,8,4,6,/home/crl/MoME/other/AD/tmp/ad-neurocomputing/extracted/visa_raw/fryum/Data/Images/Normal/413.JPG
visa,fryum,8,4,7,/home/crl/MoME/other/AD/tmp/ad-neurocomputing/extracted/visa_raw/fryum/Data/Images/Normal/436.JPG
visa,macaroni1,1,0,0,/home/crl/MoME/other/AD/tmp/ad-neurocomputing/extracted/visa_raw/macaroni1/Data/Images/Normal/0634.JPG
visa,macaroni1,1,1,0,/home/crl/MoME/other/AD/tmp/ad-neurocomputing/extracted/visa_raw/macaroni1/Data/Images/Normal/0889.JPG
visa,macaroni1,1,2,0,/home/crl/MoME/other/AD/tmp/ad-neurocomputing/extracted/visa_raw/macaroni1/Data/Images/Normal/0477.JPG
visa,macaroni1,1,3,0,/home/crl/MoME/other/AD/tmp/ad-neurocomputing/extracted/visa_raw/macaroni1/Data/Images/Normal/0854.JPG
visa,macaroni1,1,4,0,/home/crl/MoME/other/AD/tmp/ad-neurocomputing/extracted/visa_raw/macaroni1/Data/Images/Normal/0380.JPG
visa,macaroni1,2,0,0,/home/crl/MoME/other/AD/tmp/ad-neurocomputing/extracted/visa_raw/macaroni1/Data/Images/Normal/0634.JPG
visa,macaroni1,2,0,1,/home/crl/MoME/other/AD/tmp/ad-neurocomputing/extracted/visa_raw/macaroni1/Data/Images/Normal/0791.JPG
visa,macaroni1,2,1,0,/home/crl/MoME/other/AD/tmp/ad-neurocomputing/extracted/visa_raw/macaroni1/Data/Images/Normal/0291.JPG
visa,macaroni1,2,1,1,/home/crl/MoME/other/AD/tmp/ad-neurocomputing/extracted/visa_raw/macaroni1/Data/Images/Normal/0889.JPG
visa,macaroni1,2,2,0,/home/crl/MoME/other/AD/tmp/ad-neurocomputing/extracted/visa_raw/macaroni1/Data/Images/Normal/0429.JPG
visa,macaroni1,2,2,1,/home/crl/MoME/other/AD/tmp/ad-neurocomputing/extracted/visa_raw/macaroni1/Data/Images/Normal/0477.JPG
visa,macaroni1,2,3,0,/home/crl/MoME/other/AD/tmp/ad-neurocomputing/extracted/visa_raw/macaroni1/Data/Images/Normal/0440.JPG
visa,macaroni1,2,3,1,/home/crl/MoME/other/AD/tmp/ad-neurocomputing/extracted/visa_raw/macaroni1/Data/Images/Normal/0854.JPG
visa,macaroni1,2,4,0,/home/crl/MoME/other/AD/tmp/ad-neurocomputing/extracted/visa_raw/macaroni1/Data/Images/Normal/0380.JPG
visa,macaroni1,2,4,1,/home/crl/MoME/other/AD/tmp/ad-neurocomputing/extracted/visa_raw/macaroni1/Data/Images/Normal/0765.JPG
visa,macaroni1,4,0,0,/home/crl/MoME/other/AD/tmp/ad-neurocomputing/extracted/visa_raw/macaroni1/Data/Images/Normal/0634.JPG
visa,macaroni1,4,0,1,/home/crl/MoME/other/AD/tmp/ad-neurocomputing/extracted/visa_raw/macaroni1/Data/Images/Normal/0791.JPG
visa,macaroni1,4,0,2,/home/crl/MoME/other/AD/tmp/ad-neurocomputing/extracted/visa_raw/macaroni1/Data/Images/Normal/0855.JPG
visa,macaroni1,4,0,3,/home/crl/MoME/other/AD/tmp/ad-neurocomputing/extracted/visa_raw/macaroni1/Data/Images/Normal/0885.JPG
visa,macaroni1,4,1,0,/home/crl/MoME/other/AD/tmp/ad-neurocomputing/extracted/visa_raw/macaroni1/Data/Images/Normal/0163.JPG
visa,macaroni1,4,1,1,/home/crl/MoME/other/AD/tmp/ad-neurocomputing/extracted/visa_raw/macaroni1/Data/Images/Normal/0291.JPG
visa,macaroni1,4,1,2,/home/crl/MoME/other/AD/tmp/ad-neurocomputing/extracted/visa_raw/macaroni1/Data/Images/Normal/0822.JPG
visa,macaroni1,4,1,3,/home/crl/MoME/other/AD/tmp/ad-neurocomputing/extracted/visa_raw/macaroni1/Data/Images/Normal/0889.JPG
visa,macaroni1,4,2,0,/home/crl/MoME/other/AD/tmp/ad-neurocomputing/extracted/visa_raw/macaroni1/Data/Images/Normal/0243.JPG
visa,macaroni1,4,2,1,/home/crl/MoME/other/AD/tmp/ad-neurocomputing/extracted/visa_raw/macaroni1/Data/Images/Normal/0429.JPG
visa,macaroni1,4,2,2,/home/crl/MoME/other/AD/tmp/ad-neurocomputing/extracted/visa_raw/macaroni1/Data/Images/Normal/0477.JPG
visa,macaroni1,4,2,3,/home/crl/MoME/other/AD/tmp/ad-neurocomputing/extracted/visa_raw/macaroni1/Data/Images/Normal/0982.JPG
visa,macaroni1,4,3,0,/home/crl/MoME/other/AD/tmp/ad-neurocomputing/extracted/visa_raw/macaroni1/Data/Images/Normal/0112.JPG
visa,macaroni1,4,3,1,/home/crl/MoME/other/AD/tmp/ad-neurocomputing/extracted/visa_raw/macaroni1/Data/Images/Normal/0440.JPG
visa,macaroni1,4,3,2,/home/crl/MoME/other/AD/tmp/ad-neurocomputing/extracted/visa_raw/macaroni1/Data/Images/Normal/0831.JPG
visa,macaroni1,4,3,3,/home/crl/MoME/other/AD/tmp/ad-neurocomputing/extracted/visa_raw/macaroni1/Data/Images/Normal/0854.JPG
visa,macaroni1,4,4,0,/home/crl/MoME/other/AD/tmp/ad-neurocomputing/extracted/visa_raw/macaroni1/Data/Images/Normal/0380.JPG
visa,macaroni1,4,4,1,/home/crl/MoME/other/AD/tmp/ad-neurocomputing/extracted/visa_raw/macaroni1/Data/Images/Normal/0450.JPG
visa,macaroni1,4,4,2,/home/crl/MoME/other/AD/tmp/ad-neurocomputing/extracted/visa_raw/macaroni1/Data/Images/Normal/0765.JPG
visa,macaroni1,4,4,3,/home/crl/MoME/other/AD/tmp/ad-neurocomputing/extracted/visa_raw/macaroni1/Data/Images/Normal/0987.JPG
visa,macaroni1,8,0,0,/home/crl/MoME/other/AD/tmp/ad-neurocomputing/extracted/visa_raw/macaroni1/Data/Images/Normal/0042.JPG
visa,macaroni1,8,0,1,/home/crl/MoME/other/AD/tmp/ad-neurocomputing/extracted/visa_raw/macaroni1/Data/Images/Normal/0405.JPG
visa,macaroni1,8,0,2,/home/crl/MoME/other/AD/tmp/ad-neurocomputing/extracted/visa_raw/macaroni1/Data/Images/Normal/0504.JPG
visa,macaroni1,8,0,3,/home/crl/MoME/other/AD/tmp/ad-neurocomputing/extracted/visa_raw/macaroni1/Data/Images/Normal/0634.JPG
visa,macaroni1,8,0,4,/home/crl/MoME/other/AD/tmp/ad-neurocomputing/extracted/visa_raw/macaroni1/Data/Images/Normal/0791.JPG
visa,macaroni1,8,0,5,/home/crl/MoME/other/AD/tmp/ad-neurocomputing/extracted/visa_raw/macaroni1/Data/Images/Normal/0855.JPG
visa,macaroni1,8,0,6,/home/crl/MoME/other/AD/tmp/ad-neurocomputing/extracted/visa_raw/macaroni1/Data/Images/Normal/0885.JPG
visa,macaroni1,8,0,7,/home/crl/MoME/other/AD/tmp/ad-neurocomputing/extracted/visa_raw/macaroni1/Data/Images/Normal/0924.JPG
visa,macaroni1,8,1,0,/home/crl/MoME/other/AD/tmp/ad-neurocomputing/extracted/visa_raw/macaroni1/Data/Images/Normal/0163.JPG
visa,macaroni1,8,1,1,/home/crl/MoME/other/AD/tmp/ad-neurocomputing/extracted/visa_raw/macaroni1/Data/Images/Normal/0291.JPG
visa,macaroni1,8,1,2,/home/crl/MoME/other/AD/tmp/ad-neurocomputing/extracted/visa_raw/macaroni1/Data/Images/Normal/0503.JPG
visa,macaroni1,8,1,3,/home/crl/MoME/other/AD/tmp/ad-neurocomputing/extracted/visa_raw/macaroni1/Data/Images/Normal/0608.JPG
visa,macaroni1,8,1,4,/home/crl/MoME/other/AD/tmp/ad-neurocomputing/extracted/visa_raw/macaroni1/Data/Images/Normal/0822.JPG
visa,macaroni1,8,1,5,/home/crl/MoME/other/AD/tmp/ad-neurocomputing/extracted/visa_raw/macaroni1/Data/Images/Normal/0889.JPG
visa,macaroni1,8,1,6,/home/crl/MoME/other/AD/tmp/ad-neurocomputing/extracted/visa_raw/macaroni1/Data/Images/Normal/0933.JPG
visa,macaroni1,8,1,7,/home/crl/MoME/other/AD/tmp/ad-neurocomputing/extracted/visa_raw/macaroni1/Data/Images/Normal/0986.JPG
visa,macaroni1,8,2,0,/home/crl/MoME/other/AD/tmp/ad-neurocomputing/extracted/visa_raw/macaroni1/Data/Images/Normal/0000.JPG
visa,macaroni1,8,2,1,/home/crl/MoME/other/AD/tmp/ad-neurocomputing/extracted/visa_raw/macaroni1/Data/Images/Normal/0243.JPG
visa,macaroni1,8,2,2,/home/crl/MoME/other/AD/tmp/ad-neurocomputing/extracted/visa_raw/macaroni1/Data/Images/Normal/0429.JPG
visa,macaroni1,8,2,3,/home/crl/MoME/other/AD/tmp/ad-neurocomputing/extracted/visa_raw/macaroni1/Data/Images/Normal/0477.JPG
visa,macaroni1,8,2,4,/home/crl/MoME/other/AD/tmp/ad-neurocomputing/extracted/visa_raw/macaroni1/Data/Images/Normal/0478.JPG
visa,macaroni1,8,2,5,/home/crl/MoME/other/AD/tmp/ad-neurocomputing/extracted/visa_raw/macaroni1/Data/Images/Normal/0711.JPG
visa,macaroni1,8,2,6,/home/crl/MoME/other/AD/tmp/ad-neurocomputing/extracted/visa_raw/macaroni1/Data/Images/Normal/0786.JPG
visa,macaroni1,8,2,7,/home/crl/MoME/other/AD/tmp/ad-neurocomputing/extracted/visa_raw/macaroni1/Data/Images/Normal/0982.JPG
visa,macaroni1,8,3,0,/home/crl/MoME/other/AD/tmp/ad-neurocomputing/extracted/visa_raw/macaroni1/Data/Images/Normal/0109.JPG
visa,macaroni1,8,3,1,/home/crl/MoME/other/AD/tmp/ad-neurocomputing/extracted/visa_raw/macaroni1/Data/Images/Normal/0112.JPG
visa,macaroni1,8,3,2,/home/crl/MoME/other/AD/tmp/ad-neurocomputing/extracted/visa_raw/macaroni1/Data/Images/Normal/0165.JPG
visa,macaroni1,8,3,3,/home/crl/MoME/other/AD/tmp/ad-neurocomputing/extracted/visa_raw/macaroni1/Data/Images/Normal/0256.JPG
visa,macaroni1,8,3,4,/home/crl/MoME/other/AD/tmp/ad-neurocomputing/extracted/visa_raw/macaroni1/Data/Images/Normal/0308.JPG
visa,macaroni1,8,3,5,/home/crl/MoME/other/AD/tmp/ad-neurocomputing/extracted/visa_raw/macaroni1/Data/Images/Normal/0440.JPG
visa,macaroni1,8,3,6,/home/crl/MoME/other/AD/tmp/ad-neurocomputing/extracted/visa_raw/macaroni1/Data/Images/Normal/0831.JPG
visa,macaroni1,8,3,7,/home/crl/MoME/other/AD/tmp/ad-neurocomputing/extracted/visa_raw/macaroni1/Data/Images/Normal/0854.JPG
visa,macaroni1,8,4,0,/home/crl/MoME/other/AD/tmp/ad-neurocomputing/extracted/visa_raw/macaroni1/Data/Images/Normal/0113.JPG
visa,macaroni1,8,4,1,/home/crl/MoME/other/AD/tmp/ad-neurocomputing/extracted/visa_raw/macaroni1/Data/Images/Normal/0379.JPG
visa,macaroni1,8,4,2,/home/crl/MoME/other/AD/tmp/ad-neurocomputing/extracted/visa_raw/macaroni1/Data/Images/Normal/0380.JPG
visa,macaroni1,8,4,3,/home/crl/MoME/other/AD/tmp/ad-neurocomputing/extracted/visa_raw/macaroni1/Data/Images/Normal/0450.JPG
visa,macaroni1,8,4,4,/home/crl/MoME/other/AD/tmp/ad-neurocomputing/extracted/visa_raw/macaroni1/Data/Images/Normal/0536.JPG
visa,macaroni1,8,4,5,/home/crl/MoME/other/AD/tmp/ad-neurocomputing/extracted/visa_raw/macaroni1/Data/Images/Normal/0765.JPG
visa,macaroni1,8,4,6,/home/crl/MoME/other/AD/tmp/ad-neurocomputing/extracted/visa_raw/macaroni1/Data/Images/Normal/0861.JPG
visa,macaroni1,8,4,7,/home/crl/MoME/other/AD/tmp/ad-neurocomputing/extracted/visa_raw/macaroni1/Data/Images/Normal/0987.JPG
visa,macaroni2,1,0,0,/home/crl/MoME/other/AD/tmp/ad-neurocomputing/extracted/visa_raw/macaroni2/Data/Images/Normal/0634.JPG
visa,macaroni2,1,1,0,/home/crl/MoME/other/AD/tmp/ad-neurocomputing/extracted/visa_raw/macaroni2/Data/Images/Normal/0889.JPG
visa,macaroni2,1,2,0,/home/crl/MoME/other/AD/tmp/ad-neurocomputing/extracted/visa_raw/macaroni2/Data/Images/Normal/0477.JPG
visa,macaroni2,1,3,0,/home/crl/MoME/other/AD/tmp/ad-neurocomputing/extracted/visa_raw/macaroni2/Data/Images/Normal/0854.JPG
visa,macaroni2,1,4,0,/home/crl/MoME/other/AD/tmp/ad-neurocomputing/extracted/visa_raw/macaroni2/Data/Images/Normal/0380.JPG
visa,macaroni2,2,0,0,/home/crl/MoME/other/AD/tmp/ad-neurocomputing/extracted/visa_raw/macaroni2/Data/Images/Normal/0634.JPG
visa,macaroni2,2,0,1,/home/crl/MoME/other/AD/tmp/ad-neurocomputing/extracted/visa_raw/macaroni2/Data/Images/Normal/0791.JPG
visa,macaroni2,2,1,0,/home/crl/MoME/other/AD/tmp/ad-neurocomputing/extracted/visa_raw/macaroni2/Data/Images/Normal/0291.JPG
visa,macaroni2,2,1,1,/home/crl/MoME/other/AD/tmp/ad-neurocomputing/extracted/visa_raw/macaroni2/Data/Images/Normal/0889.JPG
visa,macaroni2,2,2,0,/home/crl/MoME/other/AD/tmp/ad-neurocomputing/extracted/visa_raw/macaroni2/Data/Images/Normal/0429.JPG
visa,macaroni2,2,2,1,/home/crl/MoME/other/AD/tmp/ad-neurocomputing/extracted/visa_raw/macaroni2/Data/Images/Normal/0477.JPG
visa,macaroni2,2,3,0,/home/crl/MoME/other/AD/tmp/ad-neurocomputing/extracted/visa_raw/macaroni2/Data/Images/Normal/0440.JPG
visa,macaroni2,2,3,1,/home/crl/MoME/other/AD/tmp/ad-neurocomputing/extracted/visa_raw/macaroni2/Data/Images/Normal/0854.JPG
visa,macaroni2,2,4,0,/home/crl/MoME/other/AD/tmp/ad-neurocomputing/extracted/visa_raw/macaroni2/Data/Images/Normal/0380.JPG
visa,macaroni2,2,4,1,/home/crl/MoME/other/AD/tmp/ad-neurocomputing/extracted/visa_raw/macaroni2/Data/Images/Normal/0765.JPG
visa,macaroni2,4,0,0,/home/crl/MoME/other/AD/tmp/ad-neurocomputing/extracted/visa_raw/macaroni2/Data/Images/Normal/0634.JPG
visa,macaroni2,4,0,1,/home/crl/MoME/other/AD/tmp/ad-neurocomputing/extracted/visa_raw/macaroni2/Data/Images/Normal/0791.JPG
visa,macaroni2,4,0,2,/home/crl/MoME/other/AD/tmp/ad-neurocomputing/extracted/visa_raw/macaroni2/Data/Images/Normal/0855.JPG
visa,macaroni2,4,0,3,/home/crl/MoME/other/AD/tmp/ad-neurocomputing/extracted/visa_raw/macaroni2/Data/Images/Normal/0885.JPG
visa,macaroni2,4,1,0,/home/crl/MoME/other/AD/tmp/ad-neurocomputing/extracted/visa_raw/macaroni2/Data/Images/Normal/0163.JPG
visa,macaroni2,4,1,1,/home/crl/MoME/other/AD/tmp/ad-neurocomputing/extracted/visa_raw/macaroni2/Data/Images/Normal/0291.JPG
visa,macaroni2,4,1,2,/home/crl/MoME/other/AD/tmp/ad-neurocomputing/extracted/visa_raw/macaroni2/Data/Images/Normal/0822.JPG
visa,macaroni2,4,1,3,/home/crl/MoME/other/AD/tmp/ad-neurocomputing/extracted/visa_raw/macaroni2/Data/Images/Normal/0889.JPG
visa,macaroni2,4,2,0,/home/crl/MoME/other/AD/tmp/ad-neurocomputing/extracted/visa_raw/macaroni2/Data/Images/Normal/0243.JPG
visa,macaroni2,4,2,1,/home/crl/MoME/other/AD/tmp/ad-neurocomputing/extracted/visa_raw/macaroni2/Data/Images/Normal/0429.JPG
visa,macaroni2,4,2,2,/home/crl/MoME/other/AD/tmp/ad-neurocomputing/extracted/visa_raw/macaroni2/Data/Images/Normal/0477.JPG
visa,macaroni2,4,2,3,/home/crl/MoME/other/AD/tmp/ad-neurocomputing/extracted/visa_raw/macaroni2/Data/Images/Normal/0982.JPG
visa,macaroni2,4,3,0,/home/crl/MoME/other/AD/tmp/ad-neurocomputing/extracted/visa_raw/macaroni2/Data/Images/Normal/0112.JPG
visa,macaroni2,4,3,1,/home/crl/MoME/other/AD/tmp/ad-neurocomputing/extracted/visa_raw/macaroni2/Data/Images/Normal/0440.JPG
visa,macaroni2,4,3,2,/home/crl/MoME/other/AD/tmp/ad-neurocomputing/extracted/visa_raw/macaroni2/Data/Images/Normal/0831.JPG
visa,macaroni2,4,3,3,/home/crl/MoME/other/AD/tmp/ad-neurocomputing/extracted/visa_raw/macaroni2/Data/Images/Normal/0854.JPG
visa,macaroni2,4,4,0,/home/crl/MoME/other/AD/tmp/ad-neurocomputing/extracted/visa_raw/macaroni2/Data/Images/Normal/0380.JPG
visa,macaroni2,4,4,1,/home/crl/MoME/other/AD/tmp/ad-neurocomputing/extracted/visa_raw/macaroni2/Data/Images/Normal/0450.JPG
visa,macaroni2,4,4,2,/home/crl/MoME/other/AD/tmp/ad-neurocomputing/extracted/visa_raw/macaroni2/Data/Images/Normal/0765.JPG
visa,macaroni2,4,4,3,/home/crl/MoME/other/AD/tmp/ad-neurocomputing/extracted/visa_raw/macaroni2/Data/Images/Normal/0987.JPG
visa,macaroni2,8,0,0,/home/crl/MoME/other/AD/tmp/ad-neurocomputing/extracted/visa_raw/macaroni2/Data/Images/Normal/0042.JPG
visa,macaroni2,8,0,1,/home/crl/MoME/other/AD/tmp/ad-neurocomputing/extracted/visa_raw/macaroni2/Data/Images/Normal/0405.JPG
visa,macaroni2,8,0,2,/home/crl/MoME/other/AD/tmp/ad-neurocomputing/extracted/visa_raw/macaroni2/Data/Images/Normal/0504.JPG
visa,macaroni2,8,0,3,/home/crl/MoME/other/AD/tmp/ad-neurocomputing/extracted/visa_raw/macaroni2/Data/Images/Normal/0634.JPG
visa,macaroni2,8,0,4,/home/crl/MoME/other/AD/tmp/ad-neurocomputing/extracted/visa_raw/macaroni2/Data/Images/Normal/0791.JPG
visa,macaroni2,8,0,5,/home/crl/MoME/other/AD/tmp/ad-neurocomputing/extracted/visa_raw/macaroni2/Data/Images/Normal/0855.JPG
visa,macaroni2,8,0,6,/home/crl/MoME/other/AD/tmp/ad-neurocomputing/extracted/visa_raw/macaroni2/Data/Images/Normal/0885.JPG
visa,macaroni2,8,0,7,/home/crl/MoME/other/AD/tmp/ad-neurocomputing/extracted/visa_raw/macaroni2/Data/Images/Normal/0924.JPG
visa,macaroni2,8,1,0,/home/crl/MoME/other/AD/tmp/ad-neurocomputing/extracted/visa_raw/macaroni2/Data/Images/Normal/0163.JPG
visa,macaroni2,8,1,1,/home/crl/MoME/other/AD/tmp/ad-neurocomputing/extracted/visa_raw/macaroni2/Data/Images/Normal/0291.JPG
visa,macaroni2,8,1,2,/home/crl/MoME/other/AD/tmp/ad-neurocomputing/extracted/visa_raw/macaroni2/Data/Images/Normal/0503.JPG
visa,macaroni2,8,1,3,/home/crl/MoME/other/AD/tmp/ad-neurocomputing/extracted/visa_raw/macaroni2/Data/Images/Normal/0608.JPG
visa,macaroni2,8,1,4,/home/crl/MoME/other/AD/tmp/ad-neurocomputing/extracted/visa_raw/macaroni2/Data/Images/Normal/0822.JPG
visa,macaroni2,8,1,5,/home/crl/MoME/other/AD/tmp/ad-neurocomputing/extracted/visa_raw/macaroni2/Data/Images/Normal/0889.JPG
visa,macaroni2,8,1,6,/home/crl/MoME/other/AD/tmp/ad-neurocomputing/extracted/visa_raw/macaroni2/Data/Images/Normal/0933.JPG
visa,macaroni2,8,1,7,/home/crl/MoME/other/AD/tmp/ad-neurocomputing/extracted/visa_raw/macaroni2/Data/Images/Normal/0986.JPG
visa,macaroni2,8,2,0,/home/crl/MoME/other/AD/tmp/ad-neurocomputing/extracted/visa_raw/macaroni2/Data/Images/Normal/0000.JPG
visa,macaroni2,8,2,1,/home/crl/MoME/other/AD/tmp/ad-neurocomputing/extracted/visa_raw/macaroni2/Data/Images/Normal/0243.JPG
visa,macaroni2,8,2,2,/home/crl/MoME/other/AD/tmp/ad-neurocomputing/extracted/visa_raw/macaroni2/Data/Images/Normal/0429.JPG
visa,macaroni2,8,2,3,/home/crl/MoME/other/AD/tmp/ad-neurocomputing/extracted/visa_raw/macaroni2/Data/Images/Normal/0477.JPG
visa,macaroni2,8,2,4,/home/crl/MoME/other/AD/tmp/ad-neurocomputing/extracted/visa_raw/macaroni2/Data/Images/Normal/0478.JPG
visa,macaroni2,8,2,5,/home/crl/MoME/other/AD/tmp/ad-neurocomputing/extracted/visa_raw/macaroni2/Data/Images/Normal/0711.JPG
visa,macaroni2,8,2,6,/home/crl/MoME/other/AD/tmp/ad-neurocomputing/extracted/visa_raw/macaroni2/Data/Images/Normal/0786.JPG
visa,macaroni2,8,2,7,/home/crl/MoME/other/AD/tmp/ad-neurocomputing/extracted/visa_raw/macaroni2/Data/Images/Normal/0982.JPG
visa,macaroni2,8,3,0,/home/crl/MoME/other/AD/tmp/ad-neurocomputing/extracted/visa_raw/macaroni2/Data/Images/Normal/0109.JPG
visa,macaroni2,8,3,1,/home/crl/MoME/other/AD/tmp/ad-neurocomputing/extracted/visa_raw/macaroni2/Data/Images/Normal/0112.JPG
visa,macaroni2,8,3,2,/home/crl/MoME/other/AD/tmp/ad-neurocomputing/extracted/visa_raw/macaroni2/Data/Images/Normal/0165.JPG
visa,macaroni2,8,3,3,/home/crl/MoME/other/AD/tmp/ad-neurocomputing/extracted/visa_raw/macaroni2/Data/Images/Normal/0256.JPG
visa,macaroni2,8,3,4,/home/crl/MoME/other/AD/tmp/ad-neurocomputing/extracted/visa_raw/macaroni2/Data/Images/Normal/0308.JPG
visa,macaroni2,8,3,5,/home/crl/MoME/other/AD/tmp/ad-neurocomputing/extracted/visa_raw/macaroni2/Data/Images/Normal/0440.JPG
visa,macaroni2,8,3,6,/home/crl/MoME/other/AD/tmp/ad-neurocomputing/extracted/visa_raw/macaroni2/Data/Images/Normal/0831.JPG
visa,macaroni2,8,3,7,/home/crl/MoME/other/AD/tmp/ad-neurocomputing/extracted/visa_raw/macaroni2/Data/Images/Normal/0854.JPG
visa,macaroni2,8,4,0,/home/crl/MoME/other/AD/tmp/ad-neurocomputing/extracted/visa_raw/macaroni2/Data/Images/Normal/0113.JPG
visa,macaroni2,8,4,1,/home/crl/MoME/other/AD/tmp/ad-neurocomputing/extracted/visa_raw/macaroni2/Data/Images/Normal/0379.JPG
visa,macaroni2,8,4,2,/home/crl/MoME/other/AD/tmp/ad-neurocomputing/extracted/visa_raw/macaroni2/Data/Images/Normal/0380.JPG
visa,macaroni2,8,4,3,/home/crl/MoME/other/AD/tmp/ad-neurocomputing/extracted/visa_raw/macaroni2/Data/Images/Normal/0450.JPG
visa,macaroni2,8,4,4,/home/crl/MoME/other/AD/tmp/ad-neurocomputing/extracted/visa_raw/macaroni2/Data/Images/Normal/0536.JPG
visa,macaroni2,8,4,5,/home/crl/MoME/other/AD/tmp/ad-neurocomputing/extracted/visa_raw/macaroni2/Data/Images/Normal/0765.JPG
visa,macaroni2,8,4,6,/home/crl/MoME/other/AD/tmp/ad-neurocomputing/extracted/visa_raw/macaroni2/Data/Images/Normal/0861.JPG
visa,macaroni2,8,4,7,/home/crl/MoME/other/AD/tmp/ad-neurocomputing/extracted/visa_raw/macaroni2/Data/Images/Normal/0987.JPG
visa,pcb1,1,0,0,/home/crl/MoME/other/AD/tmp/ad-neurocomputing/extracted/visa_raw/pcb1/Data/Images/Normal/0153.JPG
visa,pcb1,1,1,0,/home/crl/MoME/other/AD/tmp/ad-neurocomputing/extracted/visa_raw/pcb1/Data/Images/Normal/0224.JPG
visa,pcb1,1,2,0,/home/crl/MoME/other/AD/tmp/ad-neurocomputing/extracted/visa_raw/pcb1/Data/Images/Normal/0767.JPG
visa,pcb1,1,3,0,/home/crl/MoME/other/AD/tmp/ad-neurocomputing/extracted/visa_raw/pcb1/Data/Images/Normal/0795.JPG
visa,pcb1,1,4,0,/home/crl/MoME/other/AD/tmp/ad-neurocomputing/extracted/visa_raw/pcb1/Data/Images/Normal/0605.JPG
visa,pcb1,2,0,0,/home/crl/MoME/other/AD/tmp/ad-neurocomputing/extracted/visa_raw/pcb1/Data/Images/Normal/0153.JPG
visa,pcb1,2,0,1,/home/crl/MoME/other/AD/tmp/ad-neurocomputing/extracted/visa_raw/pcb1/Data/Images/Normal/0511.JPG
visa,pcb1,2,1,0,/home/crl/MoME/other/AD/tmp/ad-neurocomputing/extracted/visa_raw/pcb1/Data/Images/Normal/0224.JPG
visa,pcb1,2,1,1,/home/crl/MoME/other/AD/tmp/ad-neurocomputing/extracted/visa_raw/pcb1/Data/Images/Normal/0233.JPG
visa,pcb1,2,2,0,/home/crl/MoME/other/AD/tmp/ad-neurocomputing/extracted/visa_raw/pcb1/Data/Images/Normal/0767.JPG
visa,pcb1,2,2,1,/home/crl/MoME/other/AD/tmp/ad-neurocomputing/extracted/visa_raw/pcb1/Data/Images/Normal/0999.JPG
visa,pcb1,2,3,0,/home/crl/MoME/other/AD/tmp/ad-neurocomputing/extracted/visa_raw/pcb1/Data/Images/Normal/0561.JPG
visa,pcb1,2,3,1,/home/crl/MoME/other/AD/tmp/ad-neurocomputing/extracted/visa_raw/pcb1/Data/Images/Normal/0795.JPG
visa,pcb1,2,4,0,/home/crl/MoME/other/AD/tmp/ad-neurocomputing/extracted/visa_raw/pcb1/Data/Images/Normal/0323.JPG
visa,pcb1,2,4,1,/home/crl/MoME/other/AD/tmp/ad-neurocomputing/extracted/visa_raw/pcb1/Data/Images/Normal/0605.JPG
visa,pcb1,4,0,0,/home/crl/MoME/other/AD/tmp/ad-neurocomputing/extracted/visa_raw/pcb1/Data/Images/Normal/0153.JPG
visa,pcb1,4,0,1,/home/crl/MoME/other/AD/tmp/ad-neurocomputing/extracted/visa_raw/pcb1/Data/Images/Normal/0496.JPG
visa,pcb1,4,0,2,/home/crl/MoME/other/AD/tmp/ad-neurocomputing/extracted/visa_raw/pcb1/Data/Images/Normal/0511.JPG
visa,pcb1,4,0,3,/home/crl/MoME/other/AD/tmp/ad-neurocomputing/extracted/visa_raw/pcb1/Data/Images/Normal/0664.JPG
visa,pcb1,4,1,0,/home/crl/MoME/other/AD/tmp/ad-neurocomputing/extracted/visa_raw/pcb1/Data/Images/Normal/0224.JPG
visa,pcb1,4,1,1,/home/crl/MoME/other/AD/tmp/ad-neurocomputing/extracted/visa_raw/pcb1/Data/Images/Normal/0233.JPG
visa,pcb1,4,1,2,/home/crl/MoME/other/AD/tmp/ad-neurocomputing/extracted/visa_raw/pcb1/Data/Images/Normal/0285.JPG
visa,pcb1,4,1,3,/home/crl/MoME/other/AD/tmp/ad-neurocomputing/extracted/visa_raw/pcb1/Data/Images/Normal/0698.JPG
visa,pcb1,4,2,0,/home/crl/MoME/other/AD/tmp/ad-neurocomputing/extracted/visa_raw/pcb1/Data/Images/Normal/0598.JPG
visa,pcb1,4,2,1,/home/crl/MoME/other/AD/tmp/ad-neurocomputing/extracted/visa_raw/pcb1/Data/Images/Normal/0612.JPG
visa,pcb1,4,2,2,/home/crl/MoME/other/AD/tmp/ad-neurocomputing/extracted/visa_raw/pcb1/Data/Images/Normal/0767.JPG
visa,pcb1,4,2,3,/home/crl/MoME/other/AD/tmp/ad-neurocomputing/extracted/visa_raw/pcb1/Data/Images/Normal/0999.JPG
visa,pcb1,4,3,0,/home/crl/MoME/other/AD/tmp/ad-neurocomputing/extracted/visa_raw/pcb1/Data/Images/Normal/0112.JPG
visa,pcb1,4,3,1,/home/crl/MoME/other/AD/tmp/ad-neurocomputing/extracted/visa_raw/pcb1/Data/Images/Normal/0516.JPG
visa,pcb1,4,3,2,/home/crl/MoME/other/AD/tmp/ad-neurocomputing/extracted/visa_raw/pcb1/Data/Images/Normal/0561.JPG
visa,pcb1,4,3,3,/home/crl/MoME/other/AD/tmp/ad-neurocomputing/extracted/visa_raw/pcb1/Data/Images/Normal/0795.JPG
visa,pcb1,4,4,0,/home/crl/MoME/other/AD/tmp/ad-neurocomputing/extracted/visa_raw/pcb1/Data/Images/Normal/0323.JPG
visa,pcb1,4,4,1,/home/crl/MoME/other/AD/tmp/ad-neurocomputing/extracted/visa_raw/pcb1/Data/Images/Normal/0605.JPG
visa,pcb1,4,4,2,/home/crl/MoME/other/AD/tmp/ad-neurocomputing/extracted/visa_raw/pcb1/Data/Images/Normal/0991.JPG
visa,pcb1,4,4,3,/home/crl/MoME/other/AD/tmp/ad-neurocomputing/extracted/visa_raw/pcb1/Data/Images/Normal/0998.JPG
visa,pcb1,8,0,0,/home/crl/MoME/other/AD/tmp/ad-neurocomputing/extracted/visa_raw/pcb1/Data/Images/Normal/0042.JPG
visa,pcb1,8,0,1,/home/crl/MoME/other/AD/tmp/ad-neurocomputing/extracted/visa_raw/pcb1/Data/Images/Normal/0150.JPG
visa,pcb1,8,0,2,/home/crl/MoME/other/AD/tmp/ad-neurocomputing/extracted/visa_raw/pcb1/Data/Images/Normal/0153.JPG
visa,pcb1,8,0,3,/home/crl/MoME/other/AD/tmp/ad-neurocomputing/extracted/visa_raw/pcb1/Data/Images/Normal/0311.JPG
visa,pcb1,8,0,4,/home/crl/MoME/other/AD/tmp/ad-neurocomputing/extracted/visa_raw/pcb1/Data/Images/Normal/0421.JPG
visa,pcb1,8,0,5,/home/crl/MoME/other/AD/tmp/ad-neurocomputing/extracted/visa_raw/pcb1/Data/Images/Normal/0496.JPG
visa,pcb1,8,0,6,/home/crl/MoME/other/AD/tmp/ad-neurocomputing/extracted/visa_raw/pcb1/Data/Images/Normal/0511.JPG
visa,pcb1,8,0,7,/home/crl/MoME/other/AD/tmp/ad-neurocomputing/extracted/visa_raw/pcb1/Data/Images/Normal/0664.JPG
visa,pcb1,8,1,0,/home/crl/MoME/other/AD/tmp/ad-neurocomputing/extracted/visa_raw/pcb1/Data/Images/Normal/0224.JPG
visa,pcb1,8,1,1,/home/crl/MoME/other/AD/tmp/ad-neurocomputing/extracted/visa_raw/pcb1/Data/Images/Normal/0233.JPG
visa,pcb1,8,1,2,/home/crl/MoME/other/AD/tmp/ad-neurocomputing/extracted/visa_raw/pcb1/Data/Images/Normal/0285.JPG
visa,pcb1,8,1,3,/home/crl/MoME/other/AD/tmp/ad-neurocomputing/extracted/visa_raw/pcb1/Data/Images/Normal/0325.JPG
visa,pcb1,8,1,4,/home/crl/MoME/other/AD/tmp/ad-neurocomputing/extracted/visa_raw/pcb1/Data/Images/Normal/0332.JPG
visa,pcb1,8,1,5,/home/crl/MoME/other/AD/tmp/ad-neurocomputing/extracted/visa_raw/pcb1/Data/Images/Normal/0433.JPG
visa,pcb1,8,1,6,/home/crl/MoME/other/AD/tmp/ad-neurocomputing/extracted/visa_raw/pcb1/Data/Images/Normal/0698.JPG
visa,pcb1,8,1,7,/home/crl/MoME/other/AD/tmp/ad-neurocomputing/extracted/visa_raw/pcb1/Data/Images/Normal/0924.JPG
visa,pcb1,8,2,0,/home/crl/MoME/other/AD/tmp/ad-neurocomputing/extracted/visa_raw/pcb1/Data/Images/Normal/0271.JPG
visa,pcb1,8,2,1,/home/crl/MoME/other/AD/tmp/ad-neurocomputing/extracted/visa_raw/pcb1/Data/Images/Normal/0281.JPG
visa,pcb1,8,2,2,/home/crl/MoME/other/AD/tmp/ad-neurocomputing/extracted/visa_raw/pcb1/Data/Images/Normal/0370.JPG
visa,pcb1,8,2,3,/home/crl/MoME/other/AD/tmp/ad-neurocomputing/extracted/visa_raw/pcb1/Data/Images/Normal/0521.JPG
visa,pcb1,8,2,4,/home/crl/MoME/other/AD/tmp/ad-neurocomputing/extracted/visa_raw/pcb1/Data/Images/Normal/0598.JPG
visa,pcb1,8,2,5,/home/crl/MoME/other/AD/tmp/ad-neurocomputing/extracted/visa_raw/pcb1/Data/Images/Normal/0612.JPG
visa,pcb1,8,2,6,/home/crl/MoME/other/AD/tmp/ad-neurocomputing/extracted/visa_raw/pcb1/Data/Images/Normal/0767.JPG
visa,pcb1,8,2,7,/home/crl/MoME/other/AD/tmp/ad-neurocomputing/extracted/visa_raw/pcb1/Data/Images/Normal/0999.JPG
visa,pcb1,8,3,0,/home/crl/MoME/other/AD/tmp/ad-neurocomputing/extracted/visa_raw/pcb1/Data/Images/Normal/0109.JPG
visa,pcb1,8,3,1,/home/crl/MoME/other/AD/tmp/ad-neurocomputing/extracted/visa_raw/pcb1/Data/Images/Normal/0112.JPG
visa,pcb1,8,3,2,/home/crl/MoME/other/AD/tmp/ad-neurocomputing/extracted/visa_raw/pcb1/Data/Images/Normal/0221.JPG
visa,pcb1,8,3,3,/home/crl/MoME/other/AD/tmp/ad-neurocomputing/extracted/visa_raw/pcb1/Data/Images/Normal/0350.JPG
visa,pcb1,8,3,4,/home/crl/MoME/other/AD/tmp/ad-neurocomputing/extracted/visa_raw/pcb1/Data/Images/Normal/0516.JPG
visa,pcb1,8,3,5,/home/crl/MoME/other/AD/tmp/ad-neurocomputing/extracted/visa_raw/pcb1/Data/Images/Normal/0537.JPG
visa,pcb1,8,3,6,/home/crl/MoME/other/AD/tmp/ad-neurocomputing/extracted/visa_raw/pcb1/Data/Images/Normal/0561.JPG
visa,pcb1,8,3,7,/home/crl/MoME/other/AD/tmp/ad-neurocomputing/extracted/visa_raw/pcb1/Data/Images/Normal/0795.JPG
visa,pcb1,8,4,0,/home/crl/MoME/other/AD/tmp/ad-neurocomputing/extracted/visa_raw/pcb1/Data/Images/Normal/0077.JPG
visa,pcb1,8,4,1,/home/crl/MoME/other/AD/tmp/ad-neurocomputing/extracted/visa_raw/pcb1/Data/Images/Normal/0323.JPG
visa,pcb1,8,4,2,/home/crl/MoME/other/AD/tmp/ad-neurocomputing/extracted/visa_raw/pcb1/Data/Images/Normal/0347.JPG
visa,pcb1,8,4,3,/home/crl/MoME/other/AD/tmp/ad-neurocomputing/extracted/visa_raw/pcb1/Data/Images/Normal/0446.JPG
visa,pcb1,8,4,4,/home/crl/MoME/other/AD/tmp/ad-neurocomputing/extracted/visa_raw/pcb1/Data/Images/Normal/0605.JPG
visa,pcb1,8,4,5,/home/crl/MoME/other/AD/tmp/ad-neurocomputing/extracted/visa_raw/pcb1/Data/Images/Normal/0986.JPG
visa,pcb1,8,4,6,/home/crl/MoME/other/AD/tmp/ad-neurocomputing/extracted/visa_raw/pcb1/Data/Images/Normal/0991.JPG
visa,pcb1,8,4,7,/home/crl/MoME/other/AD/tmp/ad-neurocomputing/extracted/visa_raw/pcb1/Data/Images/Normal/0998.JPG
visa,pcb2,1,0,0,/home/crl/MoME/other/AD/tmp/ad-neurocomputing/extracted/visa_raw/pcb2/Data/Images/Normal/0634.JPG
visa,pcb2,1,1,0,/home/crl/MoME/other/AD/tmp/ad-neurocomputing/extracted/visa_raw/pcb2/Data/Images/Normal/0889.JPG
visa,pcb2,1,2,0,/home/crl/MoME/other/AD/tmp/ad-neurocomputing/extracted/visa_raw/pcb2/Data/Images/Normal/0492.JPG
visa,pcb2,1,3,0,/home/crl/MoME/other/AD/tmp/ad-neurocomputing/extracted/visa_raw/pcb2/Data/Images/Normal/0792.JPG
visa,pcb2,1,4,0,/home/crl/MoME/other/AD/tmp/ad-neurocomputing/extracted/visa_raw/pcb2/Data/Images/Normal/0380.JPG
visa,pcb2,2,0,0,/home/crl/MoME/other/AD/tmp/ad-neurocomputing/extracted/visa_raw/pcb2/Data/Images/Normal/0634.JPG
visa,pcb2,2,0,1,/home/crl/MoME/other/AD/tmp/ad-neurocomputing/extracted/visa_raw/pcb2/Data/Images/Normal/0790.JPG
visa,pcb2,2,1,0,/home/crl/MoME/other/AD/tmp/ad-neurocomputing/extracted/visa_raw/pcb2/Data/Images/Normal/0291.JPG
visa,pcb2,2,1,1,/home/crl/MoME/other/AD/tmp/ad-neurocomputing/extracted/visa_raw/pcb2/Data/Images/Normal/0889.JPG
visa,pcb2,2,2,0,/home/crl/MoME/other/AD/tmp/ad-neurocomputing/extracted/visa_raw/pcb2/Data/Images/Normal/0492.JPG
visa,pcb2,2,2,1,/home/crl/MoME/other/AD/tmp/ad-neurocomputing/extracted/visa_raw/pcb2/Data/Images/Normal/0762.JPG
visa,pcb2,2,3,0,/home/crl/MoME/other/AD/tmp/ad-neurocomputing/extracted/visa_raw/pcb2/Data/Images/Normal/0792.JPG
visa,pcb2,2,3,1,/home/crl/MoME/other/AD/tmp/ad-neurocomputing/extracted/visa_raw/pcb2/Data/Images/Normal/0818.JPG
visa,pcb2,2,4,0,/home/crl/MoME/other/AD/tmp/ad-neurocomputing/extracted/visa_raw/pcb2/Data/Images/Normal/0380.JPG
visa,pcb2,2,4,1,/home/crl/MoME/other/AD/tmp/ad-neurocomputing/extracted/visa_raw/pcb2/Data/Images/Normal/0766.JPG
visa,pcb2,4,0,0,/home/crl/MoME/other/AD/tmp/ad-neurocomputing/extracted/visa_raw/pcb2/Data/Images/Normal/0634.JPG
visa,pcb2,4,0,1,/home/crl/MoME/other/AD/tmp/ad-neurocomputing/extracted/visa_raw/pcb2/Data/Images/Normal/0790.JPG
visa,pcb2,4,0,2,/home/crl/MoME/other/AD/tmp/ad-neurocomputing/extracted/visa_raw/pcb2/Data/Images/Normal/0854.JPG
visa,pcb2,4,0,3,/home/crl/MoME/other/AD/tmp/ad-neurocomputing/extracted/visa_raw/pcb2/Data/Images/Normal/0884.JPG
visa,pcb2,4,1,0,/home/crl/MoME/other/AD/tmp/ad-neurocomputing/extracted/visa_raw/pcb2/Data/Images/Normal/0163.JPG
visa,pcb2,4,1,1,/home/crl/MoME/other/AD/tmp/ad-neurocomputing/extracted/visa_raw/pcb2/Data/Images/Normal/0291.JPG
visa,pcb2,4,1,2,/home/crl/MoME/other/AD/tmp/ad-neurocomputing/extracted/visa_raw/pcb2/Data/Images/Normal/0822.JPG
visa,pcb2,4,1,3,/home/crl/MoME/other/AD/tmp/ad-neurocomputing/extracted/visa_raw/pcb2/Data/Images/Normal/0889.JPG
visa,pcb2,4,2,0,/home/crl/MoME/other/AD/tmp/ad-neurocomputing/extracted/visa_raw/pcb2/Data/Images/Normal/0492.JPG
visa,pcb2,4,2,1,/home/crl/MoME/other/AD/tmp/ad-neurocomputing/extracted/visa_raw/pcb2/Data/Images/Normal/0628.JPG
visa,pcb2,4,2,2,/home/crl/MoME/other/AD/tmp/ad-neurocomputing/extracted/visa_raw/pcb2/Data/Images/Normal/0642.JPG
visa,pcb2,4,2,3,/home/crl/MoME/other/AD/tmp/ad-neurocomputing/extracted/visa_raw/pcb2/Data/Images/Normal/0762.JPG
visa,pcb2,4,3,0,/home/crl/MoME/other/AD/tmp/ad-neurocomputing/extracted/visa_raw/pcb2/Data/Images/Normal/0112.JPG
visa,pcb2,4,3,1,/home/crl/MoME/other/AD/tmp/ad-neurocomputing/extracted/visa_raw/pcb2/Data/Images/Normal/0643.JPG
visa,pcb2,4,3,2,/home/crl/MoME/other/AD/tmp/ad-neurocomputing/extracted/visa_raw/pcb2/Data/Images/Normal/0792.JPG
visa,pcb2,4,3,3,/home/crl/MoME/other/AD/tmp/ad-neurocomputing/extracted/visa_raw/pcb2/Data/Images/Normal/0818.JPG
visa,pcb2,4,4,0,/home/crl/MoME/other/AD/tmp/ad-neurocomputing/extracted/visa_raw/pcb2/Data/Images/Normal/0380.JPG
visa,pcb2,4,4,1,/home/crl/MoME/other/AD/tmp/ad-neurocomputing/extracted/visa_raw/pcb2/Data/Images/Normal/0450.JPG
visa,pcb2,4,4,2,/home/crl/MoME/other/AD/tmp/ad-neurocomputing/extracted/visa_raw/pcb2/Data/Images/Normal/0766.JPG
visa,pcb2,4,4,3,/home/crl/MoME/other/AD/tmp/ad-neurocomputing/extracted/visa_raw/pcb2/Data/Images/Normal/0988.JPG
visa,pcb2,8,0,0,/home/crl/MoME/other/AD/tmp/ad-neurocomputing/extracted/visa_raw/pcb2/Data/Images/Normal/0042.JPG
visa,pcb2,8,0,1,/home/crl/MoME/other/AD/tmp/ad-neurocomputing/extracted/visa_raw/pcb2/Data/Images/Normal/0405.JPG
visa,pcb2,8,0,2,/home/crl/MoME/other/AD/tmp/ad-neurocomputing/extracted/visa_raw/pcb2/Data/Images/Normal/0504.JPG
visa,pcb2,8,0,3,/home/crl/MoME/other/AD/tmp/ad-neurocomputing/extracted/visa_raw/pcb2/Data/Images/Normal/0634.JPG
visa,pcb2,8,0,4,/home/crl/MoME/other/AD/tmp/ad-neurocomputing/extracted/visa_raw/pcb2/Data/Images/Normal/0790.JPG
visa,pcb2,8,0,5,/home/crl/MoME/other/AD/tmp/ad-neurocomputing/extracted/visa_raw/pcb2/Data/Images/Normal/0854.JPG
visa,pcb2,8,0,6,/home/crl/MoME/other/AD/tmp/ad-neurocomputing/extracted/visa_raw/pcb2/Data/Images/Normal/0884.JPG
visa,pcb2,8,0,7,/home/crl/MoME/other/AD/tmp/ad-neurocomputing/extracted/visa_raw/pcb2/Data/Images/Normal/0922.JPG
visa,pcb2,8,1,0,/home/crl/MoME/other/AD/tmp/ad-neurocomputing/extracted/visa_raw/pcb2/Data/Images/Normal/0163.JPG
visa,pcb2,8,1,1,/home/crl/MoME/other/AD/tmp/ad-neurocomputing/extracted/visa_raw/pcb2/Data/Images/Normal/0291.JPG
visa,pcb2,8,1,2,/home/crl/MoME/other/AD/tmp/ad-neurocomputing/extracted/visa_raw/pcb2/Data/Images/Normal/0503.JPG
visa,pcb2,8,1,3,/home/crl/MoME/other/AD/tmp/ad-neurocomputing/extracted/visa_raw/pcb2/Data/Images/Normal/0608.JPG
visa,pcb2,8,1,4,/home/crl/MoME/other/AD/tmp/ad-neurocomputing/extracted/visa_raw/pcb2/Data/Images/Normal/0812.JPG
visa,pcb2,8,1,5,/home/crl/MoME/other/AD/tmp/ad-neurocomputing/extracted/visa_raw/pcb2/Data/Images/Normal/0822.JPG
visa,pcb2,8,1,6,/home/crl/MoME/other/AD/tmp/ad-neurocomputing/extracted/visa_raw/pcb2/Data/Images/Normal/0889.JPG
visa,pcb2,8,1,7,/home/crl/MoME/other/AD/tmp/ad-neurocomputing/extracted/visa_raw/pcb2/Data/Images/Normal/0987.JPG
visa,pcb2,8,2,0,/home/crl/MoME/other/AD/tmp/ad-neurocomputing/extracted/visa_raw/pcb2/Data/Images/Normal/0163.JPG
visa,pcb2,8,2,1,/home/crl/MoME/other/AD/tmp/ad-neurocomputing/extracted/visa_raw/pcb2/Data/Images/Normal/0177.JPG
visa,pcb2,8,2,2,/home/crl/MoME/other/AD/tmp/ad-neurocomputing/extracted/visa_raw/pcb2/Data/Images/Normal/0492.JPG
visa,pcb2,8,2,3,/home/crl/MoME/other/AD/tmp/ad-neurocomputing/extracted/visa_raw/pcb2/Data/Images/Normal/0628.JPG
visa,pcb2,8,2,4,/home/crl/MoME/other/AD/tmp/ad-neurocomputing/extracted/visa_raw/pcb2/Data/Images/Normal/0642.JPG
visa,pcb2,8,2,5,/home/crl/MoME/other/AD/tmp/ad-neurocomputing/extracted/visa_raw/pcb2/Data/Images/Normal/0762.JPG
visa,pcb2,8,2,6,/home/crl/MoME/other/AD/tmp/ad-neurocomputing/extracted/visa_raw/pcb2/Data/Images/Normal/0820.JPG
visa,pcb2,8,2,7,/home/crl/MoME/other/AD/tmp/ad-neurocomputing/extracted/visa_raw/pcb2/Data/Images/Normal/0867.JPG
visa,pcb2,8,3,0,/home/crl/MoME/other/AD/tmp/ad-neurocomputing/extracted/visa_raw/pcb2/Data/Images/Normal/0109.JPG
visa,pcb2,8,3,1,/home/crl/MoME/other/AD/tmp/ad-neurocomputing/extracted/visa_raw/pcb2/Data/Images/Normal/0112.JPG
visa,pcb2,8,3,2,/home/crl/MoME/other/AD/tmp/ad-neurocomputing/extracted/visa_raw/pcb2/Data/Images/Normal/0220.JPG
visa,pcb2,8,3,3,/home/crl/MoME/other/AD/tmp/ad-neurocomputing/extracted/visa_raw/pcb2/Data/Images/Normal/0329.JPG
visa,pcb2,8,3,4,/home/crl/MoME/other/AD/tmp/ad-neurocomputing/extracted/visa_raw/pcb2/Data/Images/Normal/0435.JPG
visa,pcb2,8,3,5,/home/crl/MoME/other/AD/tmp/ad-neurocomputing/extracted/visa_raw/pcb2/Data/Images/Normal/0643.JPG
visa,pcb2,8,3,6,/home/crl/MoME/other/AD/tmp/ad-neurocomputing/extracted/visa_raw/pcb2/Data/Images/Normal/0792.JPG
visa,pcb2,8,3,7,/home/crl/MoME/other/AD/tmp/ad-neurocomputing/extracted/visa_raw/pcb2/Data/Images/Normal/0818.JPG
visa,pcb2,8,4,0,/home/crl/MoME/other/AD/tmp/ad-neurocomputing/extracted/visa_raw/pcb2/Data/Images/Normal/0113.JPG
visa,pcb2,8,4,1,/home/crl/MoME/other/AD/tmp/ad-neurocomputing/extracted/visa_raw/pcb2/Data/Images/Normal/0379.JPG
visa,pcb2,8,4,2,/home/crl/MoME/other/AD/tmp/ad-neurocomputing/extracted/visa_raw/pcb2/Data/Images/Normal/0380.JPG
visa,pcb2,8,4,3,/home/crl/MoME/other/AD/tmp/ad-neurocomputing/extracted/visa_raw/pcb2/Data/Images/Normal/0450.JPG
visa,pcb2,8,4,4,/home/crl/MoME/other/AD/tmp/ad-neurocomputing/extracted/visa_raw/pcb2/Data/Images/Normal/0536.JPG
visa,pcb2,8,4,5,/home/crl/MoME/other/AD/tmp/ad-neurocomputing/extracted/visa_raw/pcb2/Data/Images/Normal/0766.JPG
visa,pcb2,8,4,6,/home/crl/MoME/other/AD/tmp/ad-neurocomputing/extracted/visa_raw/pcb2/Data/Images/Normal/0861.JPG
visa,pcb2,8,4,7,/home/crl/MoME/other/AD/tmp/ad-neurocomputing/extracted/visa_raw/pcb2/Data/Images/Normal/0988.JPG
visa,pcb3,1,0,0,/home/crl/MoME/other/AD/tmp/ad-neurocomputing/extracted/visa_raw/pcb3/Data/Images/Normal/0153.JPG
visa,pcb3,1,1,0,/home/crl/MoME/other/AD/tmp/ad-neurocomputing/extracted/visa_raw/pcb3/Data/Images/Normal/0224.JPG
visa,pcb3,1,2,0,/home/crl/MoME/other/AD/tmp/ad-neurocomputing/extracted/visa_raw/pcb3/Data/Images/Normal/0767.JPG
visa,pcb3,1,3,0,/home/crl/MoME/other/AD/tmp/ad-neurocomputing/extracted/visa_raw/pcb3/Data/Images/Normal/0798.JPG
visa,pcb3,1,4,0,/home/crl/MoME/other/AD/tmp/ad-neurocomputing/extracted/visa_raw/pcb3/Data/Images/Normal/0605.JPG
visa,pcb3,2,0,0,/home/crl/MoME/other/AD/tmp/ad-neurocomputing/extracted/visa_raw/pcb3/Data/Images/Normal/0153.JPG
visa,pcb3,2,0,1,/home/crl/MoME/other/AD/tmp/ad-neurocomputing/extracted/visa_raw/pcb3/Data/Images/Normal/0511.JPG
visa,pcb3,2,1,0,/home/crl/MoME/other/AD/tmp/ad-neurocomputing/extracted/visa_raw/pcb3/Data/Images/Normal/0224.JPG
visa,pcb3,2,1,1,/home/crl/MoME/other/AD/tmp/ad-neurocomputing/extracted/visa_raw/pcb3/Data/Images/Normal/0861.JPG
visa,pcb3,2,2,0,/home/crl/MoME/other/AD/tmp/ad-neurocomputing/extracted/visa_raw/pcb3/Data/Images/Normal/0767.JPG
visa,pcb3,2,2,1,/home/crl/MoME/other/AD/tmp/ad-neurocomputing/extracted/visa_raw/pcb3/Data/Images/Normal/1001.JPG
visa,pcb3,2,3,0,/home/crl/MoME/other/AD/tmp/ad-neurocomputing/extracted/visa_raw/pcb3/Data/Images/Normal/0798.JPG
visa,pcb3,2,3,1,/home/crl/MoME/other/AD/tmp/ad-neurocomputing/extracted/visa_raw/pcb3/Data/Images/Normal/0919.JPG
visa,pcb3,2,4,0,/home/crl/MoME/other/AD/tmp/ad-neurocomputing/extracted/visa_raw/pcb3/Data/Images/Normal/0323.JPG
visa,pcb3,2,4,1,/home/crl/MoME/other/AD/tmp/ad-neurocomputing/extracted/visa_raw/pcb3/Data/Images/Normal/0605.JPG
visa,pcb3,4,0,0,/home/crl/MoME/other/AD/tmp/ad-neurocomputing/extracted/visa_raw/pcb3/Data/Images/Normal/0153.JPG
visa,pcb3,4,0,1,/home/crl/MoME/other/AD/tmp/ad-neurocomputing/extracted/visa_raw/pcb3/Data/Images/Normal/0496.JPG
visa,pcb3,4,0,2,/home/crl/MoME/other/AD/tmp/ad-neurocomputing/extracted/visa_raw/pcb3/Data/Images/Normal/0511.JPG
visa,pcb3,4,0,3,/home/crl/MoME/other/AD/tmp/ad-neurocomputing/extracted/visa_raw/pcb3/Data/Images/Normal/0664.JPG
visa,pcb3,4,1,0,/home/crl/MoME/other/AD/tmp/ad-neurocomputing/extracted/visa_raw/pcb3/Data/Images/Normal/0224.JPG
visa,pcb3,4,1,1,/home/crl/MoME/other/AD/tmp/ad-neurocomputing/extracted/visa_raw/pcb3/Data/Images/Normal/0559.JPG
visa,pcb3,4,1,2,/home/crl/MoME/other/AD/tmp/ad-neurocomputing/extracted/visa_raw/pcb3/Data/Images/Normal/0701.JPG
visa,pcb3,4,1,3,/home/crl/MoME/other/AD/tmp/ad-neurocomputing/extracted/visa_raw/pcb3/Data/Images/Normal/0861.JPG
visa,pcb3,4,2,0,/home/crl/MoME/other/AD/tmp/ad-neurocomputing/extracted/visa_raw/pcb3/Data/Images/Normal/0598.JPG
visa,pcb3,4,2,1,/home/crl/MoME/other/AD/tmp/ad-neurocomputing/extracted/visa_raw/pcb3/Data/Images/Normal/0612.JPG
visa,pcb3,4,2,2,/home/crl/MoME/other/AD/tmp/ad-neurocomputing/extracted/visa_raw/pcb3/Data/Images/Normal/0767.JPG
visa,pcb3,4,2,3,/home/crl/MoME/other/AD/tmp/ad-neurocomputing/extracted/visa_raw/pcb3/Data/Images/Normal/1001.JPG
visa,pcb3,4,3,0,/home/crl/MoME/other/AD/tmp/ad-neurocomputing/extracted/visa_raw/pcb3/Data/Images/Normal/0112.JPG
visa,pcb3,4,3,1,/home/crl/MoME/other/AD/tmp/ad-neurocomputing/extracted/visa_raw/pcb3/Data/Images/Normal/0517.JPG
visa,pcb3,4,3,2,/home/crl/MoME/other/AD/tmp/ad-neurocomputing/extracted/visa_raw/pcb3/Data/Images/Normal/0798.JPG
visa,pcb3,4,3,3,/home/crl/MoME/other/AD/tmp/ad-neurocomputing/extracted/visa_raw/pcb3/Data/Images/Normal/0919.JPG
visa,pcb3,4,4,0,/home/crl/MoME/other/AD/tmp/ad-neurocomputing/extracted/visa_raw/pcb3/Data/Images/Normal/0323.JPG
visa,pcb3,4,4,1,/home/crl/MoME/other/AD/tmp/ad-neurocomputing/extracted/visa_raw/pcb3/Data/Images/Normal/0605.JPG
visa,pcb3,4,4,2,/home/crl/MoME/other/AD/tmp/ad-neurocomputing/extracted/visa_raw/pcb3/Data/Images/Normal/0992.JPG
visa,pcb3,4,4,3,/home/crl/MoME/other/AD/tmp/ad-neurocomputing/extracted/visa_raw/pcb3/Data/Images/Normal/0999.JPG
visa,pcb3,8,0,0,/home/crl/MoME/other/AD/tmp/ad-neurocomputing/extracted/visa_raw/pcb3/Data/Images/Normal/0042.JPG
visa,pcb3,8,0,1,/home/crl/MoME/other/AD/tmp/ad-neurocomputing/extracted/visa_raw/pcb3/Data/Images/Normal/0150.JPG
visa,pcb3,8,0,2,/home/crl/MoME/other/AD/tmp/ad-neurocomputing/extracted/visa_raw/pcb3/Data/Images/Normal/0153.JPG
visa,pcb3,8,0,3,/home/crl/MoME/other/AD/tmp/ad-neurocomputing/extracted/visa_raw/pcb3/Data/Images/Normal/0311.JPG
visa,pcb3,8,0,4,/home/crl/MoME/other/AD/tmp/ad-neurocomputing/extracted/visa_raw/pcb3/Data/Images/Normal/0421.JPG
visa,pcb3,8,0,5,/home/crl/MoME/other/AD/tmp/ad-neurocomputing/extracted/visa_raw/pcb3/Data/Images/Normal/0496.JPG
visa,pcb3,8,0,6,/home/crl/MoME/other/AD/tmp/ad-neurocomputing/extracted/visa_raw/pcb3/Data/Images/Normal/0511.JPG
visa,pcb3,8,0,7,/home/crl/MoME/other/AD/tmp/ad-neurocomputing/extracted/visa_raw/pcb3/Data/Images/Normal/0664.JPG
visa,pcb3,8,1,0,/home/crl/MoME/other/AD/tmp/ad-neurocomputing/extracted/visa_raw/pcb3/Data/Images/Normal/0224.JPG
visa,pcb3,8,1,1,/home/crl/MoME/other/AD/tmp/ad-neurocomputing/extracted/visa_raw/pcb3/Data/Images/Normal/0411.JPG
visa,pcb3,8,1,2,/home/crl/MoME/other/AD/tmp/ad-neurocomputing/extracted/visa_raw/pcb3/Data/Images/Normal/0434.JPG
visa,pcb3,8,1,3,/home/crl/MoME/other/AD/tmp/ad-neurocomputing/extracted/visa_raw/pcb3/Data/Images/Normal/0559.JPG
visa,pcb3,8,1,4,/home/crl/MoME/other/AD/tmp/ad-neurocomputing/extracted/visa_raw/pcb3/Data/Images/Normal/0624.JPG
visa,pcb3,8,1,5,/home/crl/MoME/other/AD/tmp/ad-neurocomputing/extracted/visa_raw/pcb3/Data/Images/Normal/0701.JPG
visa,pcb3,8,1,6,/home/crl/MoME/other/AD/tmp/ad-neurocomputing/extracted/visa_raw/pcb3/Data/Images/Normal/0722.JPG
visa,pcb3,8,1,7,/home/crl/MoME/other/AD/tmp/ad-neurocomputing/extracted/visa_raw/pcb3/Data/Images/Normal/0861.JPG
visa,pcb3,8,2,0,/home/crl/MoME/other/AD/tmp/ad-neurocomputing/extracted/visa_raw/pcb3/Data/Images/Normal/0271.JPG
visa,pcb3,8,2,1,/home/crl/MoME/other/AD/tmp/ad-neurocomputing/extracted/visa_raw/pcb3/Data/Images/Normal/0281.JPG
visa,pcb3,8,2,2,/home/crl/MoME/other/AD/tmp/ad-neurocomputing/extracted/visa_raw/pcb3/Data/Images/Normal/0370.JPG
visa,pcb3,8,2,3,/home/crl/MoME/other/AD/tmp/ad-neurocomputing/extracted/visa_raw/pcb3/Data/Images/Normal/0521.JPG
visa,pcb3,8,2,4,/home/crl/MoME/other/AD/tmp/ad-neurocomputing/extracted/visa_raw/pcb3/Data/Images/Normal/0598.JPG
visa,pcb3,8,2,5,/home/crl/MoME/other/AD/tmp/ad-neurocomputing/extracted/visa_raw/pcb3/Data/Images/Normal/0612.JPG
visa,pcb3,8,2,6,/home/crl/MoME/other/AD/tmp/ad-neurocomputing/extracted/visa_raw/pcb3/Data/Images/Normal/0767.JPG
visa,pcb3,8,2,7,/home/crl/MoME/other/AD/tmp/ad-neurocomputing/extracted/visa_raw/pcb3/Data/Images/Normal/1001.JPG
visa,pcb3,8,3,0,/home/crl/MoME/other/AD/tmp/ad-neurocomputing/extracted/visa_raw/pcb3/Data/Images/Normal/0109.JPG
visa,pcb3,8,3,1,/home/crl/MoME/other/AD/tmp/ad-neurocomputing/extracted/visa_raw/pcb3/Data/Images/Normal/0112.JPG
visa,pcb3,8,3,2,/home/crl/MoME/other/AD/tmp/ad-neurocomputing/extracted/visa_raw/pcb3/Data/Images/Normal/0221.JPG
visa,pcb3,8,3,3,/home/crl/MoME/other/AD/tmp/ad-neurocomputing/extracted/visa_raw/pcb3/Data/Images/Normal/0350.JPG
visa,pcb3,8,3,4,/home/crl/MoME/other/AD/tmp/ad-neurocomputing/extracted/visa_raw/pcb3/Data/Images/Normal/0517.JPG
visa,pcb3,8,3,5,/home/crl/MoME/other/AD/tmp/ad-neurocomputing/extracted/visa_raw/pcb3/Data/Images/Normal/0538.JPG
visa,pcb3,8,3,6,/home/crl/MoME/other/AD/tmp/ad-neurocomputing/extracted/visa_raw/pcb3/Data/Images/Normal/0798.JPG
visa,pcb3,8,3,7,/home/crl/MoME/other/AD/tmp/ad-neurocomputing/extracted/visa_raw/pcb3/Data/Images/Normal/0919.JPG
visa,pcb3,8,4,0,/home/crl/MoME/other/AD/tmp/ad-neurocomputing/extracted/visa_raw/pcb3/Data/Images/Normal/0077.JPG
visa,pcb3,8,4,1,/home/crl/MoME/other/AD/tmp/ad-neurocomputing/extracted/visa_raw/pcb3/Data/Images/Normal/0323.JPG
visa,pcb3,8,4,2,/home/crl/MoME/other/AD/tmp/ad-neurocomputing/extracted/visa_raw/pcb3/Data/Images/Normal/0347.JPG
visa,pcb3,8,4,3,/home/crl/MoME/other/AD/tmp/ad-neurocomputing/extracted/visa_raw/pcb3/Data/Images/Normal/0446.JPG
visa,pcb3,8,4,4,/home/crl/MoME/other/AD/tmp/ad-neurocomputing/extracted/visa_raw/pcb3/Data/Images/Normal/0605.JPG
visa,pcb3,8,4,5,/home/crl/MoME/other/AD/tmp/ad-neurocomputing/extracted/visa_raw/pcb3/Data/Images/Normal/0987.JPG
visa,pcb3,8,4,6,/home/crl/MoME/other/AD/tmp/ad-neurocomputing/extracted/visa_raw/pcb3/Data/Images/Normal/0992.JPG
visa,pcb3,8,4,7,/home/crl/MoME/other/AD/tmp/ad-neurocomputing/extracted/visa_raw/pcb3/Data/Images/Normal/0999.JPG
visa,pcb4,1,0,0,/home/crl/MoME/other/AD/tmp/ad-neurocomputing/extracted/visa_raw/pcb4/Data/Images/Normal/0153.JPG
visa,pcb4,1,1,0,/home/crl/MoME/other/AD/tmp/ad-neurocomputing/extracted/visa_raw/pcb4/Data/Images/Normal/0224.JPG
visa,pcb4,1,2,0,/home/crl/MoME/other/AD/tmp/ad-neurocomputing/extracted/visa_raw/pcb4/Data/Images/Normal/0767.JPG
visa,pcb4,1,3,0,/home/crl/MoME/other/AD/tmp/ad-neurocomputing/extracted/visa_raw/pcb4/Data/Images/Normal/0795.JPG
visa,pcb4,1,4,0,/home/crl/MoME/other/AD/tmp/ad-neurocomputing/extracted/visa_raw/pcb4/Data/Images/Normal/0605.JPG
visa,pcb4,2,0,0,/home/crl/MoME/other/AD/tmp/ad-neurocomputing/extracted/visa_raw/pcb4/Data/Images/Normal/0153.JPG
visa,pcb4,2,0,1,/home/crl/MoME/other/AD/tmp/ad-neurocomputing/extracted/visa_raw/pcb4/Data/Images/Normal/0511.JPG
visa,pcb4,2,1,0,/home/crl/MoME/other/AD/tmp/ad-neurocomputing/extracted/visa_raw/pcb4/Data/Images/Normal/0224.JPG
visa,pcb4,2,1,1,/home/crl/MoME/other/AD/tmp/ad-neurocomputing/extracted/visa_raw/pcb4/Data/Images/Normal/0233.JPG
visa,pcb4,2,2,0,/home/crl/MoME/other/AD/tmp/ad-neurocomputing/extracted/visa_raw/pcb4/Data/Images/Normal/0767.JPG
visa,pcb4,2,2,1,/home/crl/MoME/other/AD/tmp/ad-neurocomputing/extracted/visa_raw/pcb4/Data/Images/Normal/1000.JPG
visa,pcb4,2,3,0,/home/crl/MoME/other/AD/tmp/ad-neurocomputing/extracted/visa_raw/pcb4/Data/Images/Normal/0561.JPG
visa,pcb4,2,3,1,/home/crl/MoME/other/AD/tmp/ad-neurocomputing/extracted/visa_raw/pcb4/Data/Images/Normal/0795.JPG
visa,pcb4,2,4,0,/home/crl/MoME/other/AD/tmp/ad-neurocomputing/extracted/visa_raw/pcb4/Data/Images/Normal/0323.JPG
visa,pcb4,2,4,1,/home/crl/MoME/other/AD/tmp/ad-neurocomputing/extracted/visa_raw/pcb4/Data/Images/Normal/0605.JPG
visa,pcb4,4,0,0,/home/crl/MoME/other/AD/tmp/ad-neurocomputing/extracted/visa_raw/pcb4/Data/Images/Normal/0153.JPG
visa,pcb4,4,0,1,/home/crl/MoME/other/AD/tmp/ad-neurocomputing/extracted/visa_raw/pcb4/Data/Images/Normal/0496.JPG
visa,pcb4,4,0,2,/home/crl/MoME/other/AD/tmp/ad-neurocomputing/extracted/visa_raw/pcb4/Data/Images/Normal/0511.JPG
visa,pcb4,4,0,3,/home/crl/MoME/other/AD/tmp/ad-neurocomputing/extracted/visa_raw/pcb4/Data/Images/Normal/0664.JPG
visa,pcb4,4,1,0,/home/crl/MoME/other/AD/tmp/ad-neurocomputing/extracted/visa_raw/pcb4/Data/Images/Normal/0224.JPG
visa,pcb4,4,1,1,/home/crl/MoME/other/AD/tmp/ad-neurocomputing/extracted/visa_raw/pcb4/Data/Images/Normal/0233.JPG
visa,pcb4,4,1,2,/home/crl/MoME/other/AD/tmp/ad-neurocomputing/extracted/visa_raw/pcb4/Data/Images/Normal/0285.JPG
visa,pcb4,4,1,3,/home/crl/MoME/other/AD/tmp/ad-neurocomputing/extracted/visa_raw/pcb4/Data/Images/Normal/0698.JPG
visa,pcb4,4,2,0,/home/crl/MoME/other/AD/tmp/ad-neurocomputing/extracted/visa_raw/pcb4/Data/Images/Normal/0598.JPG
visa,pcb4,4,2,1,/home/crl/MoME/other/AD/tmp/ad-neurocomputing/extracted/visa_raw/pcb4/Data/Images/Normal/0612.JPG
visa,pcb4,4,2,2,/home/crl/MoME/other/AD/tmp/ad-neurocomputing/extracted/visa_raw/pcb4/Data/Images/Normal/0767.JPG
visa,pcb4,4,2,3,/home/crl/MoME/other/AD/tmp/ad-neurocomputing/extracted/visa_raw/pcb4/Data/Images/Normal/1000.JPG
visa,pcb4,4,3,0,/home/crl/MoME/other/AD/tmp/ad-neurocomputing/extracted/visa_raw/pcb4/Data/Images/Normal/0112.JPG
visa,pcb4,4,3,1,/home/crl/MoME/other/AD/tmp/ad-neurocomputing/extracted/visa_raw/pcb4/Data/Images/Normal/0516.JPG
visa,pcb4,4,3,2,/home/crl/MoME/other/AD/tmp/ad-neurocomputing/extracted/visa_raw/pcb4/Data/Images/Normal/0561.JPG
visa,pcb4,4,3,3,/home/crl/MoME/other/AD/tmp/ad-neurocomputing/extracted/visa_raw/pcb4/Data/Images/Normal/0795.JPG
visa,pcb4,4,4,0,/home/crl/MoME/other/AD/tmp/ad-neurocomputing/extracted/visa_raw/pcb4/Data/Images/Normal/0323.JPG
visa,pcb4,4,4,1,/home/crl/MoME/other/AD/tmp/ad-neurocomputing/extracted/visa_raw/pcb4/Data/Images/Normal/0605.JPG
visa,pcb4,4,4,2,/home/crl/MoME/other/AD/tmp/ad-neurocomputing/extracted/visa_raw/pcb4/Data/Images/Normal/0992.JPG
visa,pcb4,4,4,3,/home/crl/MoME/other/AD/tmp/ad-neurocomputing/extracted/visa_raw/pcb4/Data/Images/Normal/0999.JPG
visa,pcb4,8,0,0,/home/crl/MoME/other/AD/tmp/ad-neurocomputing/extracted/visa_raw/pcb4/Data/Images/Normal/0042.JPG
visa,pcb4,8,0,1,/home/crl/MoME/other/AD/tmp/ad-neurocomputing/extracted/visa_raw/pcb4/Data/Images/Normal/0150.JPG
visa,pcb4,8,0,2,/home/crl/MoME/other/AD/tmp/ad-neurocomputing/extracted/visa_raw/pcb4/Data/Images/Normal/0153.JPG
visa,pcb4,8,0,3,/home/crl/MoME/other/AD/tmp/ad-neurocomputing/extracted/visa_raw/pcb4/Data/Images/Normal/0311.JPG
visa,pcb4,8,0,4,/home/crl/MoME/other/AD/tmp/ad-neurocomputing/extracted/visa_raw/pcb4/Data/Images/Normal/0421.JPG
visa,pcb4,8,0,5,/home/crl/MoME/other/AD/tmp/ad-neurocomputing/extracted/visa_raw/pcb4/Data/Images/Normal/0496.JPG
visa,pcb4,8,0,6,/home/crl/MoME/other/AD/tmp/ad-neurocomputing/extracted/visa_raw/pcb4/Data/Images/Normal/0511.JPG
visa,pcb4,8,0,7,/home/crl/MoME/other/AD/tmp/ad-neurocomputing/extracted/visa_raw/pcb4/Data/Images/Normal/0664.JPG
visa,pcb4,8,1,0,/home/crl/MoME/other/AD/tmp/ad-neurocomputing/extracted/visa_raw/pcb4/Data/Images/Normal/0224.JPG
visa,pcb4,8,1,1,/home/crl/MoME/other/AD/tmp/ad-neurocomputing/extracted/visa_raw/pcb4/Data/Images/Normal/0233.JPG
visa,pcb4,8,1,2,/home/crl/MoME/other/AD/tmp/ad-neurocomputing/extracted/visa_raw/pcb4/Data/Images/Normal/0285.JPG
visa,pcb4,8,1,3,/home/crl/MoME/other/AD/tmp/ad-neurocomputing/extracted/visa_raw/pcb4/Data/Images/Normal/0325.JPG
visa,pcb4,8,1,4,/home/crl/MoME/other/AD/tmp/ad-neurocomputing/extracted/visa_raw/pcb4/Data/Images/Normal/0332.JPG
visa,pcb4,8,1,5,/home/crl/MoME/other/AD/tmp/ad-neurocomputing/extracted/visa_raw/pcb4/Data/Images/Normal/0433.JPG
visa,pcb4,8,1,6,/home/crl/MoME/other/AD/tmp/ad-neurocomputing/extracted/visa_raw/pcb4/Data/Images/Normal/0698.JPG
visa,pcb4,8,1,7,/home/crl/MoME/other/AD/tmp/ad-neurocomputing/extracted/visa_raw/pcb4/Data/Images/Normal/0924.JPG
visa,pcb4,8,2,0,/home/crl/MoME/other/AD/tmp/ad-neurocomputing/extracted/visa_raw/pcb4/Data/Images/Normal/0271.JPG
visa,pcb4,8,2,1,/home/crl/MoME/other/AD/tmp/ad-neurocomputing/extracted/visa_raw/pcb4/Data/Images/Normal/0281.JPG
visa,pcb4,8,2,2,/home/crl/MoME/other/AD/tmp/ad-neurocomputing/extracted/visa_raw/pcb4/Data/Images/Normal/0370.JPG
visa,pcb4,8,2,3,/home/crl/MoME/other/AD/tmp/ad-neurocomputing/extracted/visa_raw/pcb4/Data/Images/Normal/0521.JPG
visa,pcb4,8,2,4,/home/crl/MoME/other/AD/tmp/ad-neurocomputing/extracted/visa_raw/pcb4/Data/Images/Normal/0598.JPG
visa,pcb4,8,2,5,/home/crl/MoME/other/AD/tmp/ad-neurocomputing/extracted/visa_raw/pcb4/Data/Images/Normal/0612.JPG
visa,pcb4,8,2,6,/home/crl/MoME/other/AD/tmp/ad-neurocomputing/extracted/visa_raw/pcb4/Data/Images/Normal/0767.JPG
visa,pcb4,8,2,7,/home/crl/MoME/other/AD/tmp/ad-neurocomputing/extracted/visa_raw/pcb4/Data/Images/Normal/1000.JPG
visa,pcb4,8,3,0,/home/crl/MoME/other/AD/tmp/ad-neurocomputing/extracted/visa_raw/pcb4/Data/Images/Normal/0109.JPG
visa,pcb4,8,3,1,/home/crl/MoME/other/AD/tmp/ad-neurocomputing/extracted/visa_raw/pcb4/Data/Images/Normal/0112.JPG
visa,pcb4,8,3,2,/home/crl/MoME/other/AD/tmp/ad-neurocomputing/extracted/visa_raw/pcb4/Data/Images/Normal/0221.JPG
visa,pcb4,8,3,3,/home/crl/MoME/other/AD/tmp/ad-neurocomputing/extracted/visa_raw/pcb4/Data/Images/Normal/0350.JPG
visa,pcb4,8,3,4,/home/crl/MoME/other/AD/tmp/ad-neurocomputing/extracted/visa_raw/pcb4/Data/Images/Normal/0516.JPG
visa,pcb4,8,3,5,/home/crl/MoME/other/AD/tmp/ad-neurocomputing/extracted/visa_raw/pcb4/Data/Images/Normal/0537.JPG
visa,pcb4,8,3,6,/home/crl/MoME/other/AD/tmp/ad-neurocomputing/extracted/visa_raw/pcb4/Data/Images/Normal/0561.JPG
visa,pcb4,8,3,7,/home/crl/MoME/other/AD/tmp/ad-neurocomputing/extracted/visa_raw/pcb4/Data/Images/Normal/0795.JPG
visa,pcb4,8,4,0,/home/crl/MoME/other/AD/tmp/ad-neurocomputing/extracted/visa_raw/pcb4/Data/Images/Normal/0077.JPG
visa,pcb4,8,4,1,/home/crl/MoME/other/AD/tmp/ad-neurocomputing/extracted/visa_raw/pcb4/Data/Images/Normal/0323.JPG
visa,pcb4,8,4,2,/home/crl/MoME/other/AD/tmp/ad-neurocomputing/extracted/visa_raw/pcb4/Data/Images/Normal/0347.JPG
visa,pcb4,8,4,3,/home/crl/MoME/other/AD/tmp/ad-neurocomputing/extracted/visa_raw/pcb4/Data/Images/Normal/0446.JPG
visa,pcb4,8,4,4,/home/crl/MoME/other/AD/tmp/ad-neurocomputing/extracted/visa_raw/pcb4/Data/Images/Normal/0605.JPG
visa,pcb4,8,4,5,/home/crl/MoME/other/AD/tmp/ad-neurocomputing/extracted/visa_raw/pcb4/Data/Images/Normal/0987.JPG
visa,pcb4,8,4,6,/home/crl/MoME/other/AD/tmp/ad-neurocomputing/extracted/visa_raw/pcb4/Data/Images/Normal/0992.JPG
visa,pcb4,8,4,7,/home/crl/MoME/other/AD/tmp/ad-neurocomputing/extracted/visa_raw/pcb4/Data/Images/Normal/0999.JPG
visa,pipe_fryum,1,0,0,/home/crl/MoME/other/AD/tmp/ad-neurocomputing/extracted/visa_raw/pipe_fryum/Data/Images/Normal/159.JPG
visa,pipe_fryum,1,1,0,/home/crl/MoME/other/AD/tmp/ad-neurocomputing/extracted/visa_raw/pipe_fryum/Data/Images/Normal/146.JPG
visa,pipe_fryum,1,2,0,/home/crl/MoME/other/AD/tmp/ad-neurocomputing/extracted/visa_raw/pipe_fryum/Data/Images/Normal/230.JPG
visa,pipe_fryum,1,3,0,/home/crl/MoME/other/AD/tmp/ad-neurocomputing/extracted/visa_raw/pipe_fryum/Data/Images/Normal/258.JPG
visa,pipe_fryum,1,4,0,/home/crl/MoME/other/AD/tmp/ad-neurocomputing/extracted/visa_raw/pipe_fryum/Data/Images/Normal/286.JPG
visa,pipe_fryum,2,0,0,/home/crl/MoME/other/AD/tmp/ad-neurocomputing/extracted/visa_raw/pipe_fryum/Data/Images/Normal/099.JPG
visa,pipe_fryum,2,0,1,/home/crl/MoME/other/AD/tmp/ad-neurocomputing/extracted/visa_raw/pipe_fryum/Data/Images/Normal/159.JPG
visa,pipe_fryum,2,1,0,/home/crl/MoME/other/AD/tmp/ad-neurocomputing/extracted/visa_raw/pipe_fryum/Data/Images/Normal/043.JPG
visa,pipe_fryum,2,1,1,/home/crl/MoME/other/AD/tmp/ad-neurocomputing/extracted/visa_raw/pipe_fryum/Data/Images/Normal/146.JPG
visa,pipe_fryum,2,2,0,/home/crl/MoME/other/AD/tmp/ad-neurocomputing/extracted/visa_raw/pipe_fryum/Data/Images/Normal/161.JPG
visa,pipe_fryum,2,2,1,/home/crl/MoME/other/AD/tmp/ad-neurocomputing/extracted/visa_raw/pipe_fryum/Data/Images/Normal/230.JPG
visa,pipe_fryum,2,3,0,/home/crl/MoME/other/AD/tmp/ad-neurocomputing/extracted/visa_raw/pipe_fryum/Data/Images/Normal/258.JPG
visa,pipe_fryum,2,3,1,/home/crl/MoME/other/AD/tmp/ad-neurocomputing/extracted/visa_raw/pipe_fryum/Data/Images/Normal/343.JPG
visa,pipe_fryum,2,4,0,/home/crl/MoME/other/AD/tmp/ad-neurocomputing/extracted/visa_raw/pipe_fryum/Data/Images/Normal/045.JPG
visa,pipe_fryum,2,4,1,/home/crl/MoME/other/AD/tmp/ad-neurocomputing/extracted/visa_raw/pipe_fryum/Data/Images/Normal/286.JPG
visa,pipe_fryum,4,0,0,/home/crl/MoME/other/AD/tmp/ad-neurocomputing/extracted/visa_raw/pipe_fryum/Data/Images/Normal/099.JPG
visa,pipe_fryum,4,0,1,/home/crl/MoME/other/AD/tmp/ad-neurocomputing/extracted/visa_raw/pipe_fryum/Data/Images/Normal/159.JPG
visa,pipe_fryum,4,0,2,/home/crl/MoME/other/AD/tmp/ad-neurocomputing/extracted/visa_raw/pipe_fryum/Data/Images/Normal/298.JPG
visa,pipe_fryum,4,0,3,/home/crl/MoME/other/AD/tmp/ad-neurocomputing/extracted/visa_raw/pipe_fryum/Data/Images/Normal/412.JPG
visa,pipe_fryum,4,1,0,/home/crl/MoME/other/AD/tmp/ad-neurocomputing/extracted/visa_raw/pipe_fryum/Data/Images/Normal/018.JPG
visa,pipe_fryum,4,1,1,/home/crl/MoME/other/AD/tmp/ad-neurocomputing/extracted/visa_raw/pipe_fryum/Data/Images/Normal/043.JPG
visa,pipe_fryum,4,1,2,/home/crl/MoME/other/AD/tmp/ad-neurocomputing/extracted/visa_raw/pipe_fryum/Data/Images/Normal/146.JPG
visa,pipe_fryum,4,1,3,/home/crl/MoME/other/AD/tmp/ad-neurocomputing/extracted/visa_raw/pipe_fryum/Data/Images/Normal/339.JPG
visa,pipe_fryum,4,2,0,/home/crl/MoME/other/AD/tmp/ad-neurocomputing/extracted/visa_raw/pipe_fryum/Data/Images/Normal/161.JPG
visa,pipe_fryum,4,2,1,/home/crl/MoME/other/AD/tmp/ad-neurocomputing/extracted/visa_raw/pipe_fryum/Data/Images/Normal/190.JPG
visa,pipe_fryum,4,2,2,/home/crl/MoME/other/AD/tmp/ad-neurocomputing/extracted/visa_raw/pipe_fryum/Data/Images/Normal/230.JPG
visa,pipe_fryum,4,2,3,/home/crl/MoME/other/AD/tmp/ad-neurocomputing/extracted/visa_raw/pipe_fryum/Data/Images/Normal/247.JPG
visa,pipe_fryum,4,3,0,/home/crl/MoME/other/AD/tmp/ad-neurocomputing/extracted/visa_raw/pipe_fryum/Data/Images/Normal/199.JPG
visa,pipe_fryum,4,3,1,/home/crl/MoME/other/AD/tmp/ad-neurocomputing/extracted/visa_raw/pipe_fryum/Data/Images/Normal/258.JPG
visa,pipe_fryum,4,3,2,/home/crl/MoME/other/AD/tmp/ad-neurocomputing/extracted/visa_raw/pipe_fryum/Data/Images/Normal/343.JPG
visa,pipe_fryum,4,3,3,/home/crl/MoME/other/AD/tmp/ad-neurocomputing/extracted/visa_raw/pipe_fryum/Data/Images/Normal/474.JPG
visa,pipe_fryum,4,4,0,/home/crl/MoME/other/AD/tmp/ad-neurocomputing/extracted/visa_raw/pipe_fryum/Data/Images/Normal/045.JPG
visa,pipe_fryum,4,4,1,/home/crl/MoME/other/AD/tmp/ad-neurocomputing/extracted/visa_raw/pipe_fryum/Data/Images/Normal/086.JPG
visa,pipe_fryum,4,4,2,/home/crl/MoME/other/AD/tmp/ad-neurocomputing/extracted/visa_raw/pipe_fryum/Data/Images/Normal/158.JPG
visa,pipe_fryum,4,4,3,/home/crl/MoME/other/AD/tmp/ad-neurocomputing/extracted/visa_raw/pipe_fryum/Data/Images/Normal/286.JPG
visa,pipe_fryum,8,0,0,/home/crl/MoME/other/AD/tmp/ad-neurocomputing/extracted/visa_raw/pipe_fryum/Data/Images/Normal/043.JPG
visa,pipe_fryum,8,0,1,/home/crl/MoME/other/AD/tmp/ad-neurocomputing/extracted/visa_raw/pipe_fryum/Data/Images/Normal/045.JPG
visa,pipe_fryum,8,0,2,/home/crl/MoME/other/AD/tmp/ad-neurocomputing/extracted/visa_raw/pipe_fryum/Data/Images/Normal/099.JPG
visa,pipe_fryum,8,0,3,/home/crl/MoME/other/AD/tmp/ad-neurocomputing/extracted/visa_raw/pipe_fryum/Data/Images/Normal/146.JPG
visa,pipe_fryum,8,0,4,/home/crl/MoME/other/AD/tmp/ad-neurocomputing/extracted/visa_raw/pipe_fryum/Data/Images/Normal/159.JPG
visa,pipe_fryum,8,0,5,/home/crl/MoME/other/AD/tmp/ad-neurocomputing/extracted/visa_raw/pipe_fryum/Data/Images/Normal/291.JPG
visa,pipe_fryum,8,0,6,/home/crl/MoME/other/AD/tmp/ad-neurocomputing/extracted/visa_raw/pipe_fryum/Data/Images/Normal/298.JPG
visa,pipe_fryum,8,0,7,/home/crl/MoME/other/AD/tmp/ad-neurocomputing/extracted/visa_raw/pipe_fryum/Data/Images/Normal/412.JPG
visa,pipe_fryum,8,1,0,/home/crl/MoME/other/AD/tmp/ad-neurocomputing/extracted/visa_raw/pipe_fryum/Data/Images/Normal/018.JPG
visa,pipe_fryum,8,1,1,/home/crl/MoME/other/AD/tmp/ad-neurocomputing/extracted/visa_raw/pipe_fryum/Data/Images/Normal/033.JPG
visa,pipe_fryum,8,1,2,/home/crl/MoME/other/AD/tmp/ad-neurocomputing/extracted/visa_raw/pipe_fryum/Data/Images/Normal/043.JPG
visa,pipe_fryum,8,1,3,/home/crl/MoME/other/AD/tmp/ad-neurocomputing/extracted/visa_raw/pipe_fryum/Data/Images/Normal/126.JPG
visa,pipe_fryum,8,1,4,/home/crl/MoME/other/AD/tmp/ad-neurocomputing/extracted/visa_raw/pipe_fryum/Data/Images/Normal/146.JPG
visa,pipe_fryum,8,1,5,/home/crl/MoME/other/AD/tmp/ad-neurocomputing/extracted/visa_raw/pipe_fryum/Data/Images/Normal/215.JPG
visa,pipe_fryum,8,1,6,/home/crl/MoME/other/AD/tmp/ad-neurocomputing/extracted/visa_raw/pipe_fryum/Data/Images/Normal/258.JPG
visa,pipe_fryum,8,1,7,/home/crl/MoME/other/AD/tmp/ad-neurocomputing/extracted/visa_raw/pipe_fryum/Data/Images/Normal/339.JPG
visa,pipe_fryum,8,2,0,/home/crl/MoME/other/AD/tmp/ad-neurocomputing/extracted/visa_raw/pipe_fryum/Data/Images/Normal/161.JPG
visa,pipe_fryum,8,2,1,/home/crl/MoME/other/AD/tmp/ad-neurocomputing/extracted/visa_raw/pipe_fryum/Data/Images/Normal/190.JPG
visa,pipe_fryum,8,2,2,/home/crl/MoME/other/AD/tmp/ad-neurocomputing/extracted/visa_raw/pipe_fryum/Data/Images/Normal/208.JPG
visa,pipe_fryum,8,2,3,/home/crl/MoME/other/AD/tmp/ad-neurocomputing/extracted/visa_raw/pipe_fryum/Data/Images/Normal/216.JPG
visa,pipe_fryum,8,2,4,/home/crl/MoME/other/AD/tmp/ad-neurocomputing/extracted/visa_raw/pipe_fryum/Data/Images/Normal/223.JPG
visa,pipe_fryum,8,2,5,/home/crl/MoME/other/AD/tmp/ad-neurocomputing/extracted/visa_raw/pipe_fryum/Data/Images/Normal/230.JPG
visa,pipe_fryum,8,2,6,/home/crl/MoME/other/AD/tmp/ad-neurocomputing/extracted/visa_raw/pipe_fryum/Data/Images/Normal/247.JPG
visa,pipe_fryum,8,2,7,/home/crl/MoME/other/AD/tmp/ad-neurocomputing/extracted/visa_raw/pipe_fryum/Data/Images/Normal/390.JPG
visa,pipe_fryum,8,3,0,/home/crl/MoME/other/AD/tmp/ad-neurocomputing/extracted/visa_raw/pipe_fryum/Data/Images/Normal/015.JPG
visa,pipe_fryum,8,3,1,/home/crl/MoME/other/AD/tmp/ad-neurocomputing/extracted/visa_raw/pipe_fryum/Data/Images/Normal/024.JPG
visa,pipe_fryum,8,3,2,/home/crl/MoME/other/AD/tmp/ad-neurocomputing/extracted/visa_raw/pipe_fryum/Data/Images/Normal/199.JPG
visa,pipe_fryum,8,3,3,/home/crl/MoME/other/AD/tmp/ad-neurocomputing/extracted/visa_raw/pipe_fryum/Data/Images/Normal/224.JPG
visa,pipe_fryum,8,3,4,/home/crl/MoME/other/AD/tmp/ad-neurocomputing/extracted/visa_raw/pipe_fryum/Data/Images/Normal/258.JPG
visa,pipe_fryum,8,3,5,/home/crl/MoME/other/AD/tmp/ad-neurocomputing/extracted/visa_raw/pipe_fryum/Data/Images/Normal/343.JPG
visa,pipe_fryum,8,3,6,/home/crl/MoME/other/AD/tmp/ad-neurocomputing/extracted/visa_raw/pipe_fryum/Data/Images/Normal/462.JPG
visa,pipe_fryum,8,3,7,/home/crl/MoME/other/AD/tmp/ad-neurocomputing/extracted/visa_raw/pipe_fryum/Data/Images/Normal/474.JPG
visa,pipe_fryum,8,4,0,/home/crl/MoME/other/AD/tmp/ad-neurocomputing/extracted/visa_raw/pipe_fryum/Data/Images/Normal/045.JPG
visa,pipe_fryum,8,4,1,/home/crl/MoME/other/AD/tmp/ad-neurocomputing/extracted/visa_raw/pipe_fryum/Data/Images/Normal/076.JPG
visa,pipe_fryum,8,4,2,/home/crl/MoME/other/AD/tmp/ad-neurocomputing/extracted/visa_raw/pipe_fryum/Data/Images/Normal/086.JPG
visa,pipe_fryum,8,4,3,/home/crl/MoME/other/AD/tmp/ad-neurocomputing/extracted/visa_raw/pipe_fryum/Data/Images/Normal/158.JPG
visa,pipe_fryum,8,4,4,/home/crl/MoME/other/AD/tmp/ad-neurocomputing/extracted/visa_raw/pipe_fryum/Data/Images/Normal/248.JPG
visa,pipe_fryum,8,4,5,/home/crl/MoME/other/AD/tmp/ad-neurocomputing/extracted/visa_raw/pipe_fryum/Data/Images/Normal/286.JPG
visa,pipe_fryum,8,4,6,/home/crl/MoME/other/AD/tmp/ad-neurocomputing/extracted/visa_raw/pipe_fryum/Data/Images/Normal/413.JPG
visa,pipe_fryum,8,4,7,/home/crl/MoME/other/AD/tmp/ad-neurocomputing/extracted/visa_raw/pipe_fryum/Data/Images/Normal/436.JPG
